mean_fit_time,std_fit_time,mean_score_time,std_score_time,param_rf__max_depth,param_rf__max_features,param_rf__min_samples_leaf,param_rf__min_samples_split,param_rf__n_estimators,params,split0_test_MEE,split1_test_MEE,split2_test_MEE,split3_test_MEE,split4_test_MEE,mean_test_MEE,std_test_MEE,rank_test_MEE,split0_test_R2,split1_test_R2,split2_test_R2,split3_test_R2,split4_test_R2,mean_test_R2,std_test_R2,rank_test_R2,split0_test_RMSE,split1_test_RMSE,split2_test_RMSE,split3_test_RMSE,split4_test_RMSE,mean_test_RMSE,std_test_RMSE,rank_test_RMSE
0.9417396545410156,0.181701869708814,0.025472116470336915,0.014699632337238778,8,sqrt,1,2,100,"{'rf__max_depth': 8, 'rf__max_features': 'sqrt', 'rf__min_samples_leaf': 1, 'rf__min_samples_split': 2, 'rf__n_estimators': 100}",-3.1601537912569655,-3.560603323544355,-3.3060777843968068,-3.4970824869291484,-3.475531913473212,-3.399889859920097,0.1464725452313844,7,0.9807985601035757,0.9802331391208333,0.9815923755736131,0.9795200060104491,0.9815182203741895,0.9807324602365322,0.0007849343157527112,7,-2.2236700593519427,-2.4343439698111546,-2.2339027345593645,-2.4525691458630474,-2.3654649253783155,-2.3419901669927645,0.09694384009977429,7
0.8906837940216065,0.05578787399673216,0.020444154739379883,0.011358092953993044,8,sqrt,1,2,150,"{'rf__max_depth': 8, 'rf__max_features': 'sqrt', 'rf__min_samples_leaf': 1, 'rf__min_samples_split': 2, 'rf__n_estimators': 150}",-3.1671422099274613,-3.5262008506482116,-3.275211609546401,-3.5171464373974652,-3.4188668754513785,-3.3809135965941834,0.13998524229586978,5,0.980443540180639,0.9805163074016056,0.9821643047326251,0.9791093922081369,0.9818441614800433,0.98081554120061,0.0010969131920437788,5,-2.2341525643625366,-2.423439643927863,-2.206275318726097,-2.4690369863022954,-2.3281577217038167,-2.3322124470045216,0.10250433910091675,5
0.5251932144165039,0.03753752306685804,0.01764359474182129,0.0050693926717842825,8,sqrt,1,8,100,"{'rf__max_depth': 8, 'rf__max_features': 'sqrt', 'rf__min_samples_leaf': 1, 'rf__min_samples_split': 8, 'rf__n_estimators': 100}",-3.6956131151679275,-4.117096116347615,-3.9532107454997245,-4.1762471405643655,-3.9924272706854302,-3.9869188776530122,0.1666234872010917,35,0.9699058487919744,0.9737236420856017,0.9721834219328271,0.9702422649788479,0.9746476418790392,0.9721405639336581,0.001864988136893854,27,-2.6137661672687256,-2.792397405612636,-2.6729427418234244,-2.904746029843714,-2.6977898994621454,-2.736328448802129,0.10201244042842143,31
0.8689107418060302,0.11895274829337317,0.016071367263793945,0.005972992786961632,8,sqrt,1,8,150,"{'rf__max_depth': 8, 'rf__max_features': 'sqrt', 'rf__min_samples_leaf': 1, 'rf__min_samples_split': 8, 'rf__n_estimators': 150}",-3.6557320431920024,-4.094033873587546,-3.8920148522748597,-4.168853808408443,-3.9865397961108933,-3.9594348747147494,0.1785993988520583,33,0.9708414569397016,0.9739412967567963,0.9730705795445699,0.9707496166274766,0.9745749815411915,0.9726355862819471,0.0015767773836865887,25,-2.578384085374499,-2.779953158293029,-2.632494987747544,-2.881785009596822,-2.686594763479985,-2.7118424008983757,0.10794826786522925,25
0.5729107856750488,0.07242508565979305,0.012993097305297852,0.0038074886817130327,8,sqrt,1,10,100,"{'rf__max_depth': 8, 'rf__max_features': 'sqrt', 'rf__min_samples_leaf': 1, 'rf__min_samples_split': 10, 'rf__n_estimators': 100}",-4.021478286705353,-4.291618629833676,-4.2175837049483675,-4.4600516551618465,-4.333825303326581,-4.2649115159951645,0.1449425491350847,69,0.9648893805020574,0.9704250368030687,0.9683230159596139,0.9658878583599307,0.9694246864080315,0.9677899956065404,0.002094347674573922,65,-2.798186211360117,-2.9033797460675252,-2.8494618540819205,-3.0868581789710237,-2.9166874609338995,-2.9109146902828975,0.09749910001067141,65
1.2381001949310302,0.2168110284758918,0.04285736083984375,0.018296577656078228,8,sqrt,1,10,150,"{'rf__max_depth': 8, 'rf__max_features': 'sqrt', 'rf__min_samples_leaf': 1, 'rf__min_samples_split': 10, 'rf__n_estimators': 150}",-3.938125454212911,-4.2813901056845225,-4.1893436356362965,-4.442565894683137,-4.301554646610801,-4.230595947365534,0.16720477545314696,63,0.9663054169981907,0.9703987106713766,0.9688056871303892,0.9661821480505698,0.9698587967600538,0.9683101519221161,0.0017637061103451571,55,-2.7442393883817777,-2.9033639629077075,-2.8405308144096577,-3.075302296531601,-2.897517603637716,-2.892190813173692,0.10792720591159354,59
0.8954702854156494,0.18883958335396525,0.020516633987426758,0.01216794372921596,8,sqrt,3,2,100,"{'rf__max_depth': 8, 'rf__max_features': 'sqrt', 'rf__min_samples_leaf': 3, 'rf__min_samples_split': 2, 'rf__n_estimators': 100}",-3.4945937623041146,-3.908140072941329,-3.7797820917407186,-3.9557163876254124,-3.878883688203423,-3.8034232005629995,0.16479541701327882,17,0.9734482462830066,0.9743543332546863,0.973903263127562,0.9712207226092642,0.9746448154276856,0.973514276140441,0.0012165421204211235,17,-2.4875697125265774,-2.6418436892949493,-2.595918528797035,-2.81294425913638,-2.6795893610611103,-2.6435731101632105,0.1063905696282621,15
0.9374383926391602,0.1054757523266474,0.024606847763061525,0.007178796406787686,8,sqrt,3,2,150,"{'rf__max_depth': 8, 'rf__max_features': 'sqrt', 'rf__min_samples_leaf': 3, 'rf__min_samples_split': 2, 'rf__n_estimators': 150}",-3.5034244508658334,-3.8315567849262764,-3.7299577111157802,-3.9586303285456053,-3.8162209643902543,-3.76795804796875,0.15109737034219234,13,0.972964274849991,0.9751951692052573,0.9745976852109598,0.9715314582618809,0.9753124107066845,0.9739201996469549,0.00145894916437015,13,-2.4964820317833962,-2.6004478961114446,-2.5594133868628477,-2.8037249493472203,-2.6295990718307247,-2.6179334671871266,0.10308768824023014,13
0.47258939743041994,0.15869322427191956,0.009580230712890625,0.003995522503878215,8,sqrt,3,8,100,"{'rf__max_depth': 8, 'rf__max_features': 'sqrt', 'rf__min_samples_leaf': 3, 'rf__min_samples_split': 8, 'rf__n_estimators': 100}",-3.7744249084017034,-4.164567086722874,-3.95033670955137,-4.205023433161436,-4.031606390514946,-4.025191705670466,0.15510857635473746,43,0.9688048149647365,0.9730745614056057,0.9724281717114892,0.9694653915106327,0.9742052382209749,0.9715956355626879,0.0020984271945109823,31,-2.6825941144898,-2.800810617060746,-2.674094807378749,-2.9437227501757,-2.7537484817292714,-2.770994154166853,0.09820962578014493,39
0.43616580963134766,0.008956131467775347,0.011400604248046875,0.0008271768909582348,8,sqrt,3,8,150,"{'rf__max_depth': 8, 'rf__max_features': 'sqrt', 'rf__min_samples_leaf': 3, 'rf__min_samples_split': 8, 'rf__n_estimators': 150}",-3.73317777400124,-4.124763957539235,-3.9087585672592433,-4.2357821888997815,-3.992886084811868,-3.9990737145022734,0.17362298396464174,37,0.9693371012206464,0.9731418062577813,0.9726617466827512,0.969355605095218,0.9744963118676503,0.9717985142248095,0.0020906494147279477,29,-2.6607082699799145,-2.7916872918123983,-2.644825654787114,-2.9492685350688888,-2.7253164674343657,-2.7543612438165366,0.11044873005143564,37
0.28524150848388674,0.00895939151842728,0.007334613800048828,0.00022382080977105304,8,sqrt,3,10,100,"{'rf__max_depth': 8, 'rf__max_features': 'sqrt', 'rf__min_samples_leaf': 3, 'rf__min_samples_split': 10, 'rf__n_estimators': 100}",-4.023266116084306,-4.297353782069434,-4.203952194375539,-4.441697581927521,-4.3329294493669215,-4.259839824764745,0.14065004865037048,67,0.9646006445835053,0.9711750404376499,0.9675715884494691,0.9663586267720632,0.9691134408002258,0.9677638682085826,0.002257215136374813,67,-2.8160479206629305,-2.9034320981666344,-2.8352621239879237,-3.065660041036079,-2.94358133003778,-2.9127967027782695,0.08919027640652134,67
0.4198352336883545,0.010740744570217934,0.010389947891235351,0.00045089661167317175,8,sqrt,3,10,150,"{'rf__max_depth': 8, 'rf__max_features': 'sqrt', 'rf__min_samples_leaf': 3, 'rf__min_samples_split': 10, 'rf__n_estimators': 150}",-3.940936859754413,-4.28958802901669,-4.166305332914057,-4.4172207640347745,-4.30608535771932,-4.224027268687851,0.16237454936924617,61,0.9663248165110828,0.9708887211507237,0.9682669838138761,0.9663421034387575,0.9695585043991727,0.9682762258627224,0.0017898761576649437,59,-2.7563545806222858,-2.9102405633779367,-2.8196155513342176,-3.0658622138702367,-2.927031027852908,-2.895820787411517,0.10521801803989742,61
0.28425912857055663,0.007870807587062913,0.007551383972167969,0.0004589196203292008,8,sqrt,4,2,100,"{'rf__max_depth': 8, 'rf__max_features': 'sqrt', 'rf__min_samples_leaf': 4, 'rf__min_samples_split': 2, 'rf__n_estimators': 100}",-3.805044192938081,-4.120235553553976,-4.027634440243029,-4.1988751292163595,-4.126156032902925,-4.055589069770875,0.13656057674293318,45,0.9671689846064627,0.9719216235775116,0.9706570859919945,0.967809392524451,0.9728880188941845,0.9700890211189208,0.0022467237382463034,45,-2.7199207096006646,-2.7906669372855166,-2.7647692399452986,-2.958711581430706,-2.8027505780357074,-2.8073638092595785,0.08082921327123549,45
0.4259482383728027,0.009315958742337784,0.010988855361938476,0.0003673428746757354,8,sqrt,4,2,150,"{'rf__max_depth': 8, 'rf__max_features': 'sqrt', 'rf__min_samples_leaf': 4, 'rf__min_samples_split': 2, 'rf__n_estimators': 150}",-3.7887379971806494,-4.074176232060306,-3.9848734179301646,-4.220903641419295,-4.051124285826947,-4.023963114883473,0.14064388912572814,39,0.9673044028951887,0.972298158265844,0.9709552183411699,0.9683972264207861,0.9735743234233304,0.9705058658692638,0.0023462901328695812,41,-2.7087056036483137,-2.7851720361011916,-2.7210619810687984,-2.9682818605272203,-2.7539831587831505,-2.7874409280257346,0.09426921975405506,41
0.2843297004699707,0.00657211928599697,0.007546758651733399,0.000547017491585308,8,sqrt,4,8,100,"{'rf__max_depth': 8, 'rf__max_features': 'sqrt', 'rf__min_samples_leaf': 4, 'rf__min_samples_split': 8, 'rf__n_estimators': 100}",-3.805044192938081,-4.120235553553976,-4.027634440243029,-4.1988751292163595,-4.126156032902925,-4.055589069770875,0.13656057674293318,45,0.9671689846064627,0.9719216235775116,0.9706570859919945,0.967809392524451,0.9728880188941845,0.9700890211189208,0.0022467237382463034,45,-2.7199207096006646,-2.7906669372855166,-2.7647692399452986,-2.958711581430706,-2.8027505780357074,-2.8073638092595785,0.08082921327123549,45
0.48558664321899414,0.1171715577416392,0.013890504837036133,0.0035200232188069484,8,sqrt,4,8,150,"{'rf__max_depth': 8, 'rf__max_features': 'sqrt', 'rf__min_samples_leaf': 4, 'rf__min_samples_split': 8, 'rf__n_estimators': 150}",-3.7887379971806494,-4.074176232060306,-3.9848734179301646,-4.220903641419295,-4.051124285826947,-4.023963114883473,0.14064388912572814,39,0.9673044028951887,0.972298158265844,0.9709552183411699,0.9683972264207861,0.9735743234233304,0.9705058658692638,0.0023462901328695812,41,-2.7087056036483137,-2.7851720361011916,-2.7210619810687984,-2.9682818605272203,-2.7539831587831505,-2.7874409280257346,0.09426921975405506,41
0.45623435974121096,0.03630432828011918,0.012572383880615235,0.002911261443404808,8,sqrt,4,10,100,"{'rf__max_depth': 8, 'rf__max_features': 'sqrt', 'rf__min_samples_leaf': 4, 'rf__min_samples_split': 10, 'rf__n_estimators': 100}",-4.021029456824284,-4.257692870742558,-4.227429552244862,-4.502836136896895,-4.332042957207431,-4.268206194783206,0.1562023983939922,71,0.9648295014080218,0.9706460615975417,0.9671427108394512,0.9645491442461148,0.968916045602137,0.9672166927386533,0.0023438575748300017,71,-2.838847017903132,-2.881713306716433,-2.8674902367939263,-3.13150555426596,-2.955053084633785,-2.9349218400626476,0.10550731187096038,71
0.6938962936401367,0.05885647956981359,0.013677120208740234,0.0025932868701551994,8,sqrt,4,10,150,"{'rf__max_depth': 8, 'rf__max_features': 'sqrt', 'rf__min_samples_leaf': 4, 'rf__min_samples_split': 10, 'rf__n_estimators': 150}",-3.94519669949187,-4.270400679093302,-4.186762148981318,-4.472085421062857,-4.296249457807951,-4.23413888128746,0.17176922697136876,65,0.965919661500739,0.9702476949333819,0.9679020095782755,0.9644481169818052,0.9691206993890723,0.9675276364766547,0.002104554418991342,69,-2.7811185614340017,-2.9045748717749,-2.84717176466316,-3.122606415641702,-2.928748962197302,-2.9168441151422133,0.11480944767198391,69
0.3162086963653564,0.02619001189238254,0.008598852157592773,0.0010500590247103957,8,log2,1,2,100,"{'rf__max_depth': 8, 'rf__max_features': 'log2', 'rf__min_samples_leaf': 1, 'rf__min_samples_split': 2, 'rf__n_estimators': 100}",-3.1601537912569655,-3.560603323544355,-3.3060777843968068,-3.4970824869291484,-3.475531913473212,-3.399889859920097,0.1464725452313844,7,0.9807985601035757,0.9802331391208333,0.9815923755736131,0.9795200060104491,0.9815182203741895,0.9807324602365322,0.0007849343157527112,7,-2.2236700593519427,-2.4343439698111546,-2.2339027345593645,-2.4525691458630474,-2.3654649253783155,-2.3419901669927645,0.09694384009977429,7
0.465854549407959,0.006472828391111684,0.011939573287963866,0.0003085014954052465,8,log2,1,2,150,"{'rf__max_depth': 8, 'rf__max_features': 'log2', 'rf__min_samples_leaf': 1, 'rf__min_samples_split': 2, 'rf__n_estimators': 150}",-3.1671422099274613,-3.5262008506482116,-3.275211609546401,-3.5171464373974652,-3.4188668754513785,-3.3809135965941834,0.13998524229586978,5,0.980443540180639,0.9805163074016056,0.9821643047326251,0.9791093922081369,0.9818441614800433,0.98081554120061,0.0010969131920437788,5,-2.2341525643625366,-2.423439643927863,-2.206275318726097,-2.4690369863022954,-2.3281577217038167,-2.3322124470045216,0.10250433910091675,5
0.2880438804626465,0.004937829375360239,0.0077324390411376955,0.0006807637862240855,8,log2,1,8,100,"{'rf__max_depth': 8, 'rf__max_features': 'log2', 'rf__min_samples_leaf': 1, 'rf__min_samples_split': 8, 'rf__n_estimators': 100}",-3.6956131151679275,-4.117096116347615,-3.9532107454997245,-4.1762471405643655,-3.9924272706854302,-3.9869188776530122,0.1666234872010917,35,0.9699058487919744,0.9737236420856017,0.9721834219328271,0.9702422649788479,0.9746476418790392,0.9721405639336581,0.001864988136893854,27,-2.6137661672687256,-2.792397405612636,-2.6729427418234244,-2.904746029843714,-2.6977898994621454,-2.736328448802129,0.10201244042842143,31
0.44186716079711913,0.008195837249985351,0.013915205001831054,0.005852281598420234,8,log2,1,8,150,"{'rf__max_depth': 8, 'rf__max_features': 'log2', 'rf__min_samples_leaf': 1, 'rf__min_samples_split': 8, 'rf__n_estimators': 150}",-3.6557320431920024,-4.094033873587546,-3.8920148522748597,-4.168853808408443,-3.9865397961108933,-3.9594348747147494,0.1785993988520583,33,0.9708414569397016,0.9739412967567963,0.9730705795445699,0.9707496166274766,0.9745749815411915,0.9726355862819471,0.0015767773836865887,25,-2.578384085374499,-2.779953158293029,-2.632494987747544,-2.881785009596822,-2.686594763479985,-2.7118424008983757,0.10794826786522925,25
0.2817551136016846,0.0034545314898097,0.007321929931640625,0.0003549421105659807,8,log2,1,10,100,"{'rf__max_depth': 8, 'rf__max_features': 'log2', 'rf__min_samples_leaf': 1, 'rf__min_samples_split': 10, 'rf__n_estimators': 100}",-4.021478286705353,-4.291618629833676,-4.2175837049483675,-4.4600516551618465,-4.333825303326581,-4.2649115159951645,0.1449425491350847,69,0.9648893805020574,0.9704250368030687,0.9683230159596139,0.9658878583599307,0.9694246864080315,0.9677899956065404,0.002094347674573922,65,-2.798186211360117,-2.9033797460675252,-2.8494618540819205,-3.0868581789710237,-2.9166874609338995,-2.9109146902828975,0.09749910001067141,65
0.4266523838043213,0.007520716441162663,0.012671613693237304,0.0029517717030763837,8,log2,1,10,150,"{'rf__max_depth': 8, 'rf__max_features': 'log2', 'rf__min_samples_leaf': 1, 'rf__min_samples_split': 10, 'rf__n_estimators': 150}",-3.938125454212911,-4.2813901056845225,-4.1893436356362965,-4.442565894683137,-4.301554646610801,-4.230595947365534,0.16720477545314696,63,0.9663054169981907,0.9703987106713766,0.9688056871303892,0.9661821480505698,0.9698587967600538,0.9683101519221161,0.0017637061103451571,55,-2.7442393883817777,-2.9033639629077075,-2.8405308144096577,-3.075302296531601,-2.897517603637716,-2.892190813173692,0.10792720591159354,59
0.2895363807678223,0.009331172857872471,0.007339906692504883,0.00022860064718084662,8,log2,3,2,100,"{'rf__max_depth': 8, 'rf__max_features': 'log2', 'rf__min_samples_leaf': 3, 'rf__min_samples_split': 2, 'rf__n_estimators': 100}",-3.4945937623041146,-3.908140072941329,-3.7797820917407186,-3.9557163876254124,-3.878883688203423,-3.8034232005629995,0.16479541701327882,17,0.9734482462830066,0.9743543332546863,0.973903263127562,0.9712207226092642,0.9746448154276856,0.973514276140441,0.0012165421204211235,17,-2.4875697125265774,-2.6418436892949493,-2.595918528797035,-2.81294425913638,-2.6795893610611103,-2.6435731101632105,0.1063905696282621,15
0.42599072456359866,0.007713590614414152,0.010484266281127929,0.0002450699181805446,8,log2,3,2,150,"{'rf__max_depth': 8, 'rf__max_features': 'log2', 'rf__min_samples_leaf': 3, 'rf__min_samples_split': 2, 'rf__n_estimators': 150}",-3.5034244508658334,-3.8315567849262764,-3.7299577111157802,-3.9586303285456053,-3.8162209643902543,-3.76795804796875,0.15109737034219234,13,0.972964274849991,0.9751951692052573,0.9745976852109598,0.9715314582618809,0.9753124107066845,0.9739201996469549,0.00145894916437015,13,-2.4964820317833962,-2.6004478961114446,-2.5594133868628477,-2.8037249493472203,-2.6295990718307247,-2.6179334671871266,0.10308768824023014,13
0.294892406463623,0.00892326561919797,0.007362794876098633,0.0004674872783810299,8,log2,3,8,100,"{'rf__max_depth': 8, 'rf__max_features': 'log2', 'rf__min_samples_leaf': 3, 'rf__min_samples_split': 8, 'rf__n_estimators': 100}",-3.7744249084017034,-4.164567086722874,-3.95033670955137,-4.205023433161436,-4.031606390514946,-4.025191705670466,0.15510857635473746,43,0.9688048149647365,0.9730745614056057,0.9724281717114892,0.9694653915106327,0.9742052382209749,0.9715956355626879,0.0020984271945109823,31,-2.6825941144898,-2.800810617060746,-2.674094807378749,-2.9437227501757,-2.7537484817292714,-2.770994154166853,0.09820962578014493,39
0.43921694755554197,0.007054832597354673,0.011142873764038086,0.0007383055996579057,8,log2,3,8,150,"{'rf__max_depth': 8, 'rf__max_features': 'log2', 'rf__min_samples_leaf': 3, 'rf__min_samples_split': 8, 'rf__n_estimators': 150}",-3.73317777400124,-4.124763957539235,-3.9087585672592433,-4.2357821888997815,-3.992886084811868,-3.9990737145022734,0.17362298396464174,37,0.9693371012206464,0.9731418062577813,0.9726617466827512,0.969355605095218,0.9744963118676503,0.9717985142248095,0.0020906494147279477,29,-2.6607082699799145,-2.7916872918123983,-2.644825654787114,-2.9492685350688888,-2.7253164674343657,-2.7543612438165366,0.11044873005143564,37
0.32104949951171874,0.0594828987988098,0.009967851638793945,0.003455048698616041,8,log2,3,10,100,"{'rf__max_depth': 8, 'rf__max_features': 'log2', 'rf__min_samples_leaf': 3, 'rf__min_samples_split': 10, 'rf__n_estimators': 100}",-4.023266116084306,-4.297353782069434,-4.203952194375539,-4.441697581927521,-4.3329294493669215,-4.259839824764745,0.14065004865037048,67,0.9646006445835053,0.9711750404376499,0.9675715884494691,0.9663586267720632,0.9691134408002258,0.9677638682085826,0.002257215136374813,67,-2.8160479206629305,-2.9034320981666344,-2.8352621239879237,-3.065660041036079,-2.94358133003778,-2.9127967027782695,0.08919027640652134,67
0.6838107109069824,0.06525372268694463,0.019602394104003905,0.004689069900890264,8,log2,3,10,150,"{'rf__max_depth': 8, 'rf__max_features': 'log2', 'rf__min_samples_leaf': 3, 'rf__min_samples_split': 10, 'rf__n_estimators': 150}",-3.940936859754413,-4.28958802901669,-4.166305332914057,-4.4172207640347745,-4.30608535771932,-4.224027268687851,0.16237454936924617,61,0.9663248165110828,0.9708887211507237,0.9682669838138761,0.9663421034387575,0.9695585043991727,0.9682762258627224,0.0017898761576649437,59,-2.7563545806222858,-2.9102405633779367,-2.8196155513342176,-3.0658622138702367,-2.927031027852908,-2.895820787411517,0.10521801803989742,61
0.49037532806396483,0.0580441631490702,0.009800577163696289,0.0036672325502089694,8,log2,4,2,100,"{'rf__max_depth': 8, 'rf__max_features': 'log2', 'rf__min_samples_leaf': 4, 'rf__min_samples_split': 2, 'rf__n_estimators': 100}",-3.805044192938081,-4.120235553553976,-4.027634440243029,-4.1988751292163595,-4.126156032902925,-4.055589069770875,0.13656057674293318,45,0.9671689846064627,0.9719216235775116,0.9706570859919945,0.967809392524451,0.9728880188941845,0.9700890211189208,0.0022467237382463034,45,-2.7199207096006646,-2.7906669372855166,-2.7647692399452986,-2.958711581430706,-2.8027505780357074,-2.8073638092595785,0.08082921327123549,45
0.45340423583984374,0.06408163114778005,0.01046142578125,0.0005481021012944855,8,log2,4,2,150,"{'rf__max_depth': 8, 'rf__max_features': 'log2', 'rf__min_samples_leaf': 4, 'rf__min_samples_split': 2, 'rf__n_estimators': 150}",-3.7887379971806494,-4.074176232060306,-3.9848734179301646,-4.220903641419295,-4.051124285826947,-4.023963114883473,0.14064388912572814,39,0.9673044028951887,0.972298158265844,0.9709552183411699,0.9683972264207861,0.9735743234233304,0.9705058658692638,0.0023462901328695812,41,-2.7087056036483137,-2.7851720361011916,-2.7210619810687984,-2.9682818605272203,-2.7539831587831505,-2.7874409280257346,0.09426921975405506,41
0.2788525581359863,0.002586393425615072,0.007385158538818359,0.00048043438177147323,8,log2,4,8,100,"{'rf__max_depth': 8, 'rf__max_features': 'log2', 'rf__min_samples_leaf': 4, 'rf__min_samples_split': 8, 'rf__n_estimators': 100}",-3.805044192938081,-4.120235553553976,-4.027634440243029,-4.1988751292163595,-4.126156032902925,-4.055589069770875,0.13656057674293318,45,0.9671689846064627,0.9719216235775116,0.9706570859919945,0.967809392524451,0.9728880188941845,0.9700890211189208,0.0022467237382463034,45,-2.7199207096006646,-2.7906669372855166,-2.7647692399452986,-2.958711581430706,-2.8027505780357074,-2.8073638092595785,0.08082921327123549,45
0.42807960510253906,0.006508319204368866,0.011078071594238282,0.00045842402234072446,8,log2,4,8,150,"{'rf__max_depth': 8, 'rf__max_features': 'log2', 'rf__min_samples_leaf': 4, 'rf__min_samples_split': 8, 'rf__n_estimators': 150}",-3.7887379971806494,-4.074176232060306,-3.9848734179301646,-4.220903641419295,-4.051124285826947,-4.023963114883473,0.14064388912572814,39,0.9673044028951887,0.972298158265844,0.9709552183411699,0.9683972264207861,0.9735743234233304,0.9705058658692638,0.0023462901328695812,41,-2.7087056036483137,-2.7851720361011916,-2.7210619810687984,-2.9682818605272203,-2.7539831587831505,-2.7874409280257346,0.09426921975405506,41
0.28141307830810547,0.008838593416807837,0.0072669506072998045,0.0003962472428809208,8,log2,4,10,100,"{'rf__max_depth': 8, 'rf__max_features': 'log2', 'rf__min_samples_leaf': 4, 'rf__min_samples_split': 10, 'rf__n_estimators': 100}",-4.021029456824284,-4.257692870742558,-4.227429552244862,-4.502836136896895,-4.332042957207431,-4.268206194783206,0.1562023983939922,71,0.9648295014080218,0.9706460615975417,0.9671427108394512,0.9645491442461148,0.968916045602137,0.9672166927386533,0.0023438575748300017,71,-2.838847017903132,-2.881713306716433,-2.8674902367939263,-3.13150555426596,-2.955053084633785,-2.9349218400626476,0.10550731187096038,71
0.42438740730285646,0.008414291072723503,0.011167383193969727,0.0007106795083163576,8,log2,4,10,150,"{'rf__max_depth': 8, 'rf__max_features': 'log2', 'rf__min_samples_leaf': 4, 'rf__min_samples_split': 10, 'rf__n_estimators': 150}",-3.94519669949187,-4.270400679093302,-4.186762148981318,-4.472085421062857,-4.296249457807951,-4.23413888128746,0.17176922697136876,65,0.965919661500739,0.9702476949333819,0.9679020095782755,0.9644481169818052,0.9691206993890723,0.9675276364766547,0.002104554418991342,69,-2.7811185614340017,-2.9045748717749,-2.84717176466316,-3.122606415641702,-2.928748962197302,-2.9168441151422133,0.11480944767198391,69
0.3403890609741211,0.00807800111278145,0.009503841400146484,0.0006087879925727391,10,sqrt,1,2,100,"{'rf__max_depth': 10, 'rf__max_features': 'sqrt', 'rf__min_samples_leaf': 1, 'rf__min_samples_split': 2, 'rf__n_estimators': 100}",-2.828876784184735,-3.0118854726204676,-2.7980760711220887,-2.9509844262011042,-2.9931391714307916,-2.916592385111838,0.08702084674454998,3,0.9821896459750311,0.9840029881205327,0.9854981099933923,0.9833035786947891,0.9852250985048882,0.9840438842577267,0.0012245786228361867,3,-2.106900940412407,-2.1357808931291546,-1.9765823599567909,-2.174804273869342,-2.1162557701594245,-2.102064847505424,0.066930442463834,3
0.5048628330230713,0.008054536175523772,0.0133575439453125,0.0009954318320493079,10,sqrt,1,2,150,"{'rf__max_depth': 10, 'rf__max_features': 'sqrt', 'rf__min_samples_leaf': 1, 'rf__min_samples_split': 2, 'rf__n_estimators': 150}",-2.764499430073348,-2.9672774253511514,-2.751149579109177,-2.979389100913404,-2.9612443342405834,-2.884711973937532,0.10385372725875566,1,0.9824642829018645,0.9846267337440732,0.9858936940048048,0.9828275482913607,0.985119430868509,0.9841863379621223,0.0013260059180200936,1,-2.0724363483450334,-2.120298358397266,-1.947404680811032,-2.19474836927235,-2.1026974293864686,-2.0875170372424305,0.08082390425312734,1
0.2976499080657959,0.010324461621747476,0.007411050796508789,0.00023006616589193364,10,sqrt,1,8,100,"{'rf__max_depth': 10, 'rf__max_features': 'sqrt', 'rf__min_samples_leaf': 1, 'rf__min_samples_split': 8, 'rf__n_estimators': 100}",-3.582789832194711,-3.7953811103672366,-3.749313264589349,-4.035177742287031,-3.88431186458014,-3.8093947628036937,0.1494968156326733,19,0.9704930528701953,0.9767695751670361,0.9738898071867546,0.970826424243489,0.9750867783348709,0.9734131275604693,0.0024294831204704653,19,-2.56459071660165,-2.6283726327126526,-2.5709889978216616,-2.8492243792760803,-2.6635716472470676,-2.6553496747318226,0.10366935417941382,19
0.4445050716400146,0.006774289877669568,0.010949659347534179,0.0003092743679135673,10,sqrt,1,8,150,"{'rf__max_depth': 10, 'rf__max_features': 'sqrt', 'rf__min_samples_leaf': 1, 'rf__min_samples_split': 8, 'rf__n_estimators': 150}",-3.542174382013573,-3.8055682556142303,-3.7121731827193782,-4.05556727979579,-3.83853154320589,-3.7908029286697724,0.16768720184503805,15,0.9713049970318796,0.9766608053687292,0.9741957871519125,0.9708896395856647,0.9751539956060896,0.9736410449488551,0.002224547726595976,15,-2.5412719389729164,-2.636316895070432,-2.554208356632576,-2.8605749320400142,-2.646063264266355,-2.6476870773964585,0.11446886859866996,17
0.29105095863342284,0.007808392859458364,0.009864091873168945,0.0036605879391092286,10,sqrt,1,10,100,"{'rf__max_depth': 10, 'rf__max_features': 'sqrt', 'rf__min_samples_leaf': 1, 'rf__min_samples_split': 10, 'rf__n_estimators': 100}",-3.8897625800182896,-4.183178261559262,-4.11142151553561,-4.32500494744376,-4.14943322427981,-4.131760105767347,0.14090861962195164,53,0.9652894293107233,0.970756963752419,0.968277208746406,0.9670249477673961,0.9714193936913222,0.9685535886536533,0.0022862880556961456,53,-2.7495862025377993,-2.855027167370388,-2.806864932511562,-3.040156750622711,-2.8328163869371714,-2.856890287995926,0.09816957084731377,53
0.6117080211639404,0.14724177766813942,0.01732807159423828,0.009037591984199183,10,sqrt,1,10,150,"{'rf__max_depth': 10, 'rf__max_features': 'sqrt', 'rf__min_samples_leaf': 1, 'rf__min_samples_split': 10, 'rf__n_estimators': 150}",-3.8236074559012323,-4.145036117724689,-4.082039761889756,-4.345384345000944,-4.107878204172637,-4.100789176937852,0.16674296948142073,49,0.9670934679253862,0.9715966988909095,0.969269710174894,0.9664062530674643,0.9719469258466974,0.9692626111810704,0.002259093853467758,49,-2.7070619444253285,-2.8416292930312808,-2.7800164433238375,-3.0615483114392568,-2.801768571743093,-2.8384049127925595,0.11983804335805125,49
0.5079504966735839,0.04609163401362345,0.015798282623291016,0.005843048815650235,10,sqrt,3,2,100,"{'rf__max_depth': 10, 'rf__max_features': 'sqrt', 'rf__min_samples_leaf': 3, 'rf__min_samples_split': 2, 'rf__n_estimators': 100}",-3.320036782587497,-3.606832608686067,-3.478077871789209,-3.719954245894944,-3.5756626968335086,-3.540112841158245,0.13441730502864604,11,0.9747007573146247,0.9785248720581975,0.9766588723864279,0.9744079527829763,0.978000441186396,0.9764585791457245,0.0016722456999113539,11,-2.4123192415320047,-2.511468815458312,-2.4076172363861836,-2.6743980543619927,-2.5137894121341824,-2.503918551974535,0.09683189366199059,11
0.6094211578369141,0.10311667067222972,0.015345954895019531,0.00485762007074511,10,sqrt,3,2,150,"{'rf__max_depth': 10, 'rf__max_features': 'sqrt', 'rf__min_samples_leaf': 3, 'rf__min_samples_split': 2, 'rf__n_estimators': 150}",-3.2966451822860905,-3.5824512665506765,-3.4316610215721886,-3.734967232935361,-3.546979814404949,-3.518540903549853,0.1473224268116866,9,0.9751447410996903,0.9783751199767193,0.9768880241389568,0.9743761069171838,0.9781070152427679,0.9765782014750636,0.0015853205865430488,9,-2.3970390975029128,-2.5042390824607046,-2.3812761332320758,-2.6797399762641443,-2.497066503916846,-2.4918721586753367,0.10648852449645613,9
0.2953512191772461,0.005418653086430193,0.007958984375,0.0007032567255675523,10,sqrt,3,8,100,"{'rf__max_depth': 10, 'rf__max_features': 'sqrt', 'rf__min_samples_leaf': 3, 'rf__min_samples_split': 8, 'rf__n_estimators': 100}",-3.627197806963102,-3.9719946239501644,-3.761253286135544,-4.042580273812142,-3.8679462269609006,-3.8541944435643707,0.14813557766866886,23,0.9707182776535985,0.9746057256814309,0.9730065800772728,0.9699358089049691,0.97537549483018,0.9727283774294904,0.0021188678004311,21,-2.6291663463667323,-2.7064034101632517,-2.597642235828279,-2.8754798803753476,-2.676353086741671,-2.697008991895056,0.0967916900469914,23
0.4628440856933594,0.01712897010145228,0.011936616897583009,0.0004302226205424711,10,sqrt,3,8,150,"{'rf__max_depth': 10, 'rf__max_features': 'sqrt', 'rf__min_samples_leaf': 3, 'rf__min_samples_split': 8, 'rf__n_estimators': 150}",-3.578024493016096,-3.912063601328356,-3.737829898044241,-4.072862832684488,-3.8473427312875033,-3.8296247112721375,0.16613478870917298,21,0.9710365966435894,0.9745302901202058,0.9733916066283879,0.9696538139657754,0.9750017943713388,0.9727228203458594,0.0020576732112158585,23,-2.5933192261437568,-2.6941280572358055,-2.5916391567494457,-2.8976789809177306,-2.6659394896555515,-2.688540982140458,0.11201597384519259,21
0.29451737403869627,0.009696083472826425,0.0077266693115234375,0.00036197562654261255,10,sqrt,3,10,100,"{'rf__max_depth': 10, 'rf__max_features': 'sqrt', 'rf__min_samples_leaf': 3, 'rf__min_samples_split': 10, 'rf__n_estimators': 100}",-3.9080436005959576,-4.219776432778647,-4.077552648047962,-4.355516595503261,-4.165875614654324,-4.145352978316031,0.1490244280002383,55,0.965936804747007,0.9710667638493887,0.9686692798764032,0.9653286483401899,0.9705407738366626,0.9683084541299303,0.0023334816194233144,57,-2.7406013205239472,-2.883274182079272,-2.801278823012775,-3.044464770944974,-2.863741321411946,-2.866672083594583,0.10204369117889947,55
0.4301332473754883,0.0032174280125585658,0.011072254180908203,0.0005883320858351981,10,sqrt,3,10,150,"{'rf__max_depth': 10, 'rf__max_features': 'sqrt', 'rf__min_samples_leaf': 3, 'rf__min_samples_split': 10, 'rf__n_estimators': 150}",-3.8451315601628395,-4.183912252157755,-4.048413858664146,-4.36469637931607,-4.136271160873654,-4.115685042234893,0.17018224657686531,51,0.9671814220420499,0.9711331194868581,0.9687165949705187,0.9653562253337092,0.9705845847236726,0.9685943893113617,0.0021402404237188706,51,-2.7076284095060634,-2.865578798609808,-2.783144527832315,-3.0638648108522544,-2.8407054600321255,-2.852184401366513,0.11898126798122222,51
0.29093194007873535,0.00547079348376477,0.007550859451293945,0.0003521603862752149,10,sqrt,4,2,100,"{'rf__max_depth': 10, 'rf__max_features': 'sqrt', 'rf__min_samples_leaf': 4, 'rf__min_samples_split': 2, 'rf__n_estimators': 100}",-3.648085428380587,-4.043248295224801,-3.9163506145552587,-4.012968963049517,-3.9165121349594387,-3.907433087233921,0.1392887298812114,29,0.9686350982934712,0.9730108979195577,0.9706739111709378,0.9700227289009327,0.9744022821736075,0.9713489836917013,0.0020815589904403715,37,-2.6692313519908253,-2.765570044847062,-2.72411980002791,-2.8524240437724706,-2.7207847543367567,-2.7464259989950053,0.06118191473681572,33
0.4229846477508545,0.0017727645563670228,0.010980367660522461,0.0004708137832336714,10,sqrt,4,2,150,"{'rf__max_depth': 10, 'rf__max_features': 'sqrt', 'rf__min_samples_leaf': 4, 'rf__min_samples_split': 2, 'rf__n_estimators': 150}",-3.612377044112209,-3.9794465243155748,-3.8695442988339166,-4.041447055184095,-3.901138459514649,-3.880790676392089,0.14705770272646376,25,0.9689602755772068,0.973221696675604,0.9714591075232318,0.969799177691803,0.9739080980333621,0.9714696711002416,0.0019028003170440443,33,-2.6406072165914956,-2.745255082238059,-2.6981867809241034,-2.8858444364766216,-2.7100061052369364,-2.735979924293443,0.0821514636550273,27
0.29123554229736326,0.008387565328967778,0.007947874069213868,0.0008117189350199816,10,sqrt,4,8,100,"{'rf__max_depth': 10, 'rf__max_features': 'sqrt', 'rf__min_samples_leaf': 4, 'rf__min_samples_split': 8, 'rf__n_estimators': 100}",-3.648085428380587,-4.043248295224801,-3.9163506145552587,-4.012968963049517,-3.9165121349594387,-3.907433087233921,0.1392887298812114,29,0.9686350982934712,0.9730108979195577,0.9706739111709378,0.9700227289009327,0.9744022821736075,0.9713489836917013,0.0020815589904403715,37,-2.6692313519908253,-2.765570044847062,-2.72411980002791,-2.8524240437724706,-2.7207847543367567,-2.7464259989950053,0.06118191473681572,33
0.4304988861083984,0.006039283375430408,0.010968685150146484,0.0005459382113087799,10,sqrt,4,8,150,"{'rf__max_depth': 10, 'rf__max_features': 'sqrt', 'rf__min_samples_leaf': 4, 'rf__min_samples_split': 8, 'rf__n_estimators': 150}",-3.612377044112209,-3.9794465243155748,-3.8695442988339166,-4.041447055184095,-3.901138459514649,-3.880790676392089,0.14705770272646376,25,0.9689602755772068,0.973221696675604,0.9714591075232318,0.969799177691803,0.9739080980333621,0.9714696711002416,0.0019028003170440443,33,-2.6406072165914956,-2.745255082238059,-2.6981867809241034,-2.8858444364766216,-2.7100061052369364,-2.735979924293443,0.0821514636550273,27
0.2854780197143555,0.0017077164850825054,0.00879526138305664,0.0025670280824701833,10,sqrt,4,10,100,"{'rf__max_depth': 10, 'rf__max_features': 'sqrt', 'rf__min_samples_leaf': 4, 'rf__min_samples_split': 10, 'rf__n_estimators': 100}",-3.9340575286943213,-4.215278717847513,-4.087203837918504,-4.437141251802997,-4.185663600828127,-4.171868987418293,0.16502517853169998,59,0.9650417750508046,0.9712949210053705,0.9681658066489381,0.9637076753605279,0.9707507708924267,0.9677921897916135,0.003013634252068391,63,-2.776661806227892,-2.892718002893292,-2.825058937014672,-3.1289791977624617,-2.874527851677553,-2.899589159115174,0.12162315556105027,63
0.4243138313293457,0.005788751546561046,0.015184640884399414,0.005625931961033241,10,sqrt,4,10,150,"{'rf__max_depth': 10, 'rf__max_features': 'sqrt', 'rf__min_samples_leaf': 4, 'rf__min_samples_split': 10, 'rf__n_estimators': 150}",-3.8772400307856834,-4.2166247311109215,-4.070149300615529,-4.421425269312421,-4.168939725768217,-4.150875811518555,0.17845982438521135,57,0.9662559444642507,0.971307334746955,0.9686386239007619,0.9638569050599033,0.9705018493800904,0.9681121315103922,0.0027477136660146203,61,-2.7459753181098914,-2.9016987621033326,-2.8138517441485473,-3.11897459796864,-2.858014446264593,-2.8877029737190005,0.12657376300916284,57
0.5171195030212402,0.10474953967568021,0.01160893440246582,0.0026597671910533675,10,log2,1,2,100,"{'rf__max_depth': 10, 'rf__max_features': 'log2', 'rf__min_samples_leaf': 1, 'rf__min_samples_split': 2, 'rf__n_estimators': 100}",-2.828876784184735,-3.0118854726204676,-2.7980760711220887,-2.9509844262011042,-2.9931391714307916,-2.916592385111838,0.08702084674454998,3,0.9821896459750311,0.9840029881205327,0.9854981099933923,0.9833035786947891,0.9852250985048882,0.9840438842577267,0.0012245786228361867,3,-2.106900940412407,-2.1357808931291546,-1.9765823599567909,-2.174804273869342,-2.1162557701594245,-2.102064847505424,0.066930442463834,3
0.8556200504302979,0.0624297486406897,0.019078731536865234,0.005302866072547442,10,log2,1,2,150,"{'rf__max_depth': 10, 'rf__max_features': 'log2', 'rf__min_samples_leaf': 1, 'rf__min_samples_split': 2, 'rf__n_estimators': 150}",-2.764499430073348,-2.9672774253511514,-2.751149579109177,-2.979389100913404,-2.9612443342405834,-2.884711973937532,0.10385372725875566,1,0.9824642829018645,0.9846267337440732,0.9858936940048048,0.9828275482913607,0.985119430868509,0.9841863379621223,0.0013260059180200936,1,-2.0724363483450334,-2.120298358397266,-1.947404680811032,-2.19474836927235,-2.1026974293864686,-2.0875170372424305,0.08082390425312734,1
0.3206754207611084,0.042973242558744906,0.008684635162353516,0.0015307384386575803,10,log2,1,8,100,"{'rf__max_depth': 10, 'rf__max_features': 'log2', 'rf__min_samples_leaf': 1, 'rf__min_samples_split': 8, 'rf__n_estimators': 100}",-3.582789832194711,-3.7953811103672366,-3.749313264589349,-4.035177742287031,-3.88431186458014,-3.8093947628036937,0.1494968156326733,19,0.9704930528701953,0.9767695751670361,0.9738898071867546,0.970826424243489,0.9750867783348709,0.9734131275604693,0.0024294831204704653,19,-2.56459071660165,-2.6283726327126526,-2.5709889978216616,-2.8492243792760803,-2.6635716472470676,-2.6553496747318226,0.10366935417941382,19
0.4477705955505371,0.011297762872279113,0.011277294158935547,0.0007893052020693669,10,log2,1,8,150,"{'rf__max_depth': 10, 'rf__max_features': 'log2', 'rf__min_samples_leaf': 1, 'rf__min_samples_split': 8, 'rf__n_estimators': 150}",-3.542174382013573,-3.8055682556142303,-3.7121731827193782,-4.05556727979579,-3.83853154320589,-3.7908029286697724,0.16768720184503805,15,0.9713049970318796,0.9766608053687292,0.9741957871519125,0.9708896395856647,0.9751539956060896,0.9736410449488551,0.002224547726595976,15,-2.5412719389729164,-2.636316895070432,-2.554208356632576,-2.8605749320400142,-2.646063264266355,-2.6476870773964585,0.11446886859866996,17
0.30223917961120605,0.009094588455546605,0.008564376831054687,0.0007406186265268568,10,log2,1,10,100,"{'rf__max_depth': 10, 'rf__max_features': 'log2', 'rf__min_samples_leaf': 1, 'rf__min_samples_split': 10, 'rf__n_estimators': 100}",-3.8897625800182896,-4.183178261559262,-4.11142151553561,-4.32500494744376,-4.14943322427981,-4.131760105767347,0.14090861962195164,53,0.9652894293107233,0.970756963752419,0.968277208746406,0.9670249477673961,0.9714193936913222,0.9685535886536533,0.0022862880556961456,53,-2.7495862025377993,-2.855027167370388,-2.806864932511562,-3.040156750622711,-2.8328163869371714,-2.856890287995926,0.09816957084731377,53
0.4423802852630615,0.007255579000913486,0.011687278747558594,0.000967112150320841,10,log2,1,10,150,"{'rf__max_depth': 10, 'rf__max_features': 'log2', 'rf__min_samples_leaf': 1, 'rf__min_samples_split': 10, 'rf__n_estimators': 150}",-3.8236074559012323,-4.145036117724689,-4.082039761889756,-4.345384345000944,-4.107878204172637,-4.100789176937852,0.16674296948142073,49,0.9670934679253862,0.9715966988909095,0.969269710174894,0.9664062530674643,0.9719469258466974,0.9692626111810704,0.002259093853467758,49,-2.7070619444253285,-2.8416292930312808,-2.7800164433238375,-3.0615483114392568,-2.801768571743093,-2.8384049127925595,0.11983804335805125,49
0.30810041427612306,0.019607350682329404,0.007579660415649414,0.0003837650681978338,10,log2,3,2,100,"{'rf__max_depth': 10, 'rf__max_features': 'log2', 'rf__min_samples_leaf': 3, 'rf__min_samples_split': 2, 'rf__n_estimators': 100}",-3.320036782587497,-3.606832608686067,-3.478077871789209,-3.719954245894944,-3.5756626968335086,-3.540112841158245,0.13441730502864604,11,0.9747007573146247,0.9785248720581975,0.9766588723864279,0.9744079527829763,0.978000441186396,0.9764585791457245,0.0016722456999113539,11,-2.4123192415320047,-2.511468815458312,-2.4076172363861836,-2.6743980543619927,-2.5137894121341824,-2.503918551974535,0.09683189366199059,11
0.45272579193115237,0.011840726351856757,0.01265401840209961,0.0027860962821226075,10,log2,3,2,150,"{'rf__max_depth': 10, 'rf__max_features': 'log2', 'rf__min_samples_leaf': 3, 'rf__min_samples_split': 2, 'rf__n_estimators': 150}",-3.2966451822860905,-3.5824512665506765,-3.4316610215721886,-3.734967232935361,-3.546979814404949,-3.518540903549853,0.1473224268116866,9,0.9751447410996903,0.9783751199767193,0.9768880241389568,0.9743761069171838,0.9781070152427679,0.9765782014750636,0.0015853205865430488,9,-2.3970390975029128,-2.5042390824607046,-2.3812761332320758,-2.6797399762641443,-2.497066503916846,-2.4918721586753367,0.10648852449645613,9
0.2967819690704346,0.008063513312931559,0.008266448974609375,0.0013826066613201846,10,log2,3,8,100,"{'rf__max_depth': 10, 'rf__max_features': 'log2', 'rf__min_samples_leaf': 3, 'rf__min_samples_split': 8, 'rf__n_estimators': 100}",-3.627197806963102,-3.9719946239501644,-3.761253286135544,-4.042580273812142,-3.8679462269609006,-3.8541944435643707,0.14813557766866886,23,0.9707182776535985,0.9746057256814309,0.9730065800772728,0.9699358089049691,0.97537549483018,0.9727283774294904,0.0021188678004311,21,-2.6291663463667323,-2.7064034101632517,-2.597642235828279,-2.8754798803753476,-2.676353086741671,-2.697008991895056,0.0967916900469914,23
0.43342223167419436,0.006497775020787507,0.011810827255249023,0.0018800356326944044,10,log2,3,8,150,"{'rf__max_depth': 10, 'rf__max_features': 'log2', 'rf__min_samples_leaf': 3, 'rf__min_samples_split': 8, 'rf__n_estimators': 150}",-3.578024493016096,-3.912063601328356,-3.737829898044241,-4.072862832684488,-3.8473427312875033,-3.8296247112721375,0.16613478870917298,21,0.9710365966435894,0.9745302901202058,0.9733916066283879,0.9696538139657754,0.9750017943713388,0.9727228203458594,0.0020576732112158585,23,-2.5933192261437568,-2.6941280572358055,-2.5916391567494457,-2.8976789809177306,-2.6659394896555515,-2.688540982140458,0.11201597384519259,21
0.287127161026001,0.011013592165680191,0.0075572490692138675,0.00036506188822182115,10,log2,3,10,100,"{'rf__max_depth': 10, 'rf__max_features': 'log2', 'rf__min_samples_leaf': 3, 'rf__min_samples_split': 10, 'rf__n_estimators': 100}",-3.9080436005959576,-4.219776432778647,-4.077552648047962,-4.355516595503261,-4.165875614654324,-4.145352978316031,0.1490244280002383,55,0.965936804747007,0.9710667638493887,0.9686692798764032,0.9653286483401899,0.9705407738366626,0.9683084541299303,0.0023334816194233144,57,-2.7406013205239472,-2.883274182079272,-2.801278823012775,-3.044464770944974,-2.863741321411946,-2.866672083594583,0.10204369117889947,55
0.43222885131835936,0.01085311014595217,0.010717487335205078,0.0004273566034993094,10,log2,3,10,150,"{'rf__max_depth': 10, 'rf__max_features': 'log2', 'rf__min_samples_leaf': 3, 'rf__min_samples_split': 10, 'rf__n_estimators': 150}",-3.8451315601628395,-4.183912252157755,-4.048413858664146,-4.36469637931607,-4.136271160873654,-4.115685042234893,0.17018224657686531,51,0.9671814220420499,0.9711331194868581,0.9687165949705187,0.9653562253337092,0.9705845847236726,0.9685943893113617,0.0021402404237188706,51,-2.7076284095060634,-2.865578798609808,-2.783144527832315,-3.0638648108522544,-2.8407054600321255,-2.852184401366513,0.11898126798122222,51
0.3283537864685059,0.05391008036983236,0.009497451782226562,0.003990183378598111,10,log2,4,2,100,"{'rf__max_depth': 10, 'rf__max_features': 'log2', 'rf__min_samples_leaf': 4, 'rf__min_samples_split': 2, 'rf__n_estimators': 100}",-3.648085428380587,-4.043248295224801,-3.9163506145552587,-4.012968963049517,-3.9165121349594387,-3.907433087233921,0.1392887298812114,29,0.9686350982934712,0.9730108979195577,0.9706739111709378,0.9700227289009327,0.9744022821736075,0.9713489836917013,0.0020815589904403715,37,-2.6692313519908253,-2.765570044847062,-2.72411980002791,-2.8524240437724706,-2.7207847543367567,-2.7464259989950053,0.06118191473681572,33
0.6884193420410156,0.02014029788432012,0.017267990112304687,0.0034392175752502247,10,log2,4,2,150,"{'rf__max_depth': 10, 'rf__max_features': 'log2', 'rf__min_samples_leaf': 4, 'rf__min_samples_split': 2, 'rf__n_estimators': 150}",-3.612377044112209,-3.9794465243155748,-3.8695442988339166,-4.041447055184095,-3.901138459514649,-3.880790676392089,0.14705770272646376,25,0.9689602755772068,0.973221696675604,0.9714591075232318,0.969799177691803,0.9739080980333621,0.9714696711002416,0.0019028003170440443,33,-2.6406072165914956,-2.745255082238059,-2.6981867809241034,-2.8858444364766216,-2.7100061052369364,-2.735979924293443,0.0821514636550273,27
0.47852158546447754,0.054938028501218136,0.015410661697387695,0.005062676348709677,10,log2,4,8,100,"{'rf__max_depth': 10, 'rf__max_features': 'log2', 'rf__min_samples_leaf': 4, 'rf__min_samples_split': 8, 'rf__n_estimators': 100}",-3.648085428380587,-4.043248295224801,-3.9163506145552587,-4.012968963049517,-3.9165121349594387,-3.907433087233921,0.1392887298812114,29,0.9686350982934712,0.9730108979195577,0.9706739111709378,0.9700227289009327,0.9744022821736075,0.9713489836917013,0.0020815589904403715,37,-2.6692313519908253,-2.765570044847062,-2.72411980002791,-2.8524240437724706,-2.7207847543367567,-2.7464259989950053,0.06118191473681572,33
0.46072139739990237,0.043361459099648864,0.011150169372558593,0.0003234835798331241,10,log2,4,8,150,"{'rf__max_depth': 10, 'rf__max_features': 'log2', 'rf__min_samples_leaf': 4, 'rf__min_samples_split': 8, 'rf__n_estimators': 150}",-3.612377044112209,-3.9794465243155748,-3.8695442988339166,-4.041447055184095,-3.901138459514649,-3.880790676392089,0.14705770272646376,25,0.9689602755772068,0.973221696675604,0.9714591075232318,0.969799177691803,0.9739080980333621,0.9714696711002416,0.0019028003170440443,33,-2.6406072165914956,-2.745255082238059,-2.6981867809241034,-2.8858444364766216,-2.7100061052369364,-2.735979924293443,0.0821514636550273,27
0.279024076461792,0.0051507490611947164,0.007270431518554688,0.00031640560443182785,10,log2,4,10,100,"{'rf__max_depth': 10, 'rf__max_features': 'log2', 'rf__min_samples_leaf': 4, 'rf__min_samples_split': 10, 'rf__n_estimators': 100}",-3.9340575286943213,-4.215278717847513,-4.087203837918504,-4.437141251802997,-4.185663600828127,-4.171868987418293,0.16502517853169998,59,0.9650417750508046,0.9712949210053705,0.9681658066489381,0.9637076753605279,0.9707507708924267,0.9677921897916135,0.003013634252068391,63,-2.776661806227892,-2.892718002893292,-2.825058937014672,-3.1289791977624617,-2.874527851677553,-2.899589159115174,0.12162315556105027,63
0.3923191070556641,0.053427173384245276,0.009562301635742187,0.0013591819370823764,10,log2,4,10,150,"{'rf__max_depth': 10, 'rf__max_features': 'log2', 'rf__min_samples_leaf': 4, 'rf__min_samples_split': 10, 'rf__n_estimators': 150}",-3.8772400307856834,-4.2166247311109215,-4.070149300615529,-4.421425269312421,-4.168939725768217,-4.150875811518555,0.17845982438521135,57,0.9662559444642507,0.971307334746955,0.9686386239007619,0.9638569050599033,0.9705018493800904,0.9681121315103922,0.0027477136660146203,61,-2.7459753181098914,-2.9016987621033326,-2.8138517441485473,-3.11897459796864,-2.858014446264593,-2.8877029737190005,0.12657376300916284,57
