mean_fit_time,std_fit_time,mean_score_time,std_score_time,param_rf__estimator__C,param_rf__estimator__epsilon,param_rf__estimator__gamma,param_rf__estimator__kernel,params,split0_test_MEE,split1_test_MEE,split2_test_MEE,split3_test_MEE,split4_test_MEE,mean_test_MEE,std_test_MEE,rank_test_MEE,split0_test_R2,split1_test_R2,split2_test_R2,split3_test_R2,split4_test_R2,mean_test_R2,std_test_R2,rank_test_R2,split0_test_RMSE,split1_test_RMSE,split2_test_RMSE,split3_test_RMSE,split4_test_RMSE,mean_test_RMSE,std_test_RMSE,rank_test_RMSE
0.12517447471618653,0.02750117791104302,0.04200749397277832,0.011753306368533492,0.1,0.01,0.001,rbf,"{'rf__estimator__C': 0.1, 'rf__estimator__epsilon': 0.01, 'rf__estimator__gamma': 0.001, 'rf__estimator__kernel': 'rbf'}",-35.99928020366893,-38.610472892597535,-41.414180650413144,-39.09688014105989,-36.97860203017281,-38.41988318358246,1.8653191033721235,135,-0.09638348628387505,-0.12367614608913675,-0.17892953790783772,-0.11956600592856541,-0.10333789760684246,-0.12437861476325147,0.029071968901308226,135,-23.82503321200666,-25.60423367753919,-27.10199337073427,-26.076928456650325,-24.507457666281883,-25.423129276642463,1.1550932731220107,135
0.12681164741516113,0.030435088856305543,0.008040952682495116,0.002278389583590478,0.1,0.01,0.001,linear,"{'rf__estimator__C': 0.1, 'rf__estimator__epsilon': 0.01, 'rf__estimator__gamma': 0.001, 'rf__estimator__kernel': 'linear'}",-10.610134757424705,-11.511323405974627,-11.59104413270587,-11.256757385267946,-10.7407682878439,-11.14200559384341,0.39876739880154166,80,0.8937654616038935,0.8864756631285214,0.893109246160212,0.8964851271327716,0.8980689769991334,0.8935808950049063,0.003982920579644762,84,-7.907563847651494,-8.615893113606392,-8.624023533527309,-8.402639317004672,-7.918122823945693,-8.293648527147111,0.3209202842211618,84
0.11344823837280274,0.03149115587829802,0.014007806777954102,0.006021040601999329,0.1,0.01,0.001,poly,"{'rf__estimator__C': 0.1, 'rf__estimator__epsilon': 0.01, 'rf__estimator__gamma': 0.001, 'rf__estimator__kernel': 'poly'}",-36.29160841232404,-38.92908545816441,-41.93722466348622,-39.50605544505426,-37.347659220647984,-38.80232663993538,1.9369383555710757,144,-0.11725484887372854,-0.1497931883353266,-0.2164271109266774,-0.1492431972056032,-0.13129067623974056,-0.15280180431621526,0.03404764240976491,144,-24.047222549332815,-25.820120375770852,-27.449321898656216,-26.379863796360205,-24.77124122436807,-25.69355396889763,1.1942218553985022,144
0.11036119461059571,0.021443321241762996,0.03794245719909668,0.023710164057868348,0.1,0.01,0.01,rbf,"{'rf__estimator__C': 0.1, 'rf__estimator__epsilon': 0.01, 'rf__estimator__gamma': 0.01, 'rf__estimator__kernel': 'rbf'}",-33.97764176355919,-36.392391605793776,-38.47700668265791,-36.61911084200138,-34.80433267165902,-36.05409671313426,1.560625031044639,125,0.03792328574660767,0.018820783783856137,-0.001886596301123496,0.033309376676666926,0.04000552861791429,0.025634475704784304,0.015622304061513392,123,-22.4799380688542,-24.086806531611174,-25.180768294441247,-24.382348622550843,-23.05108208783882,-23.83618872105926,0.9617486585644507,122
0.05812568664550781,0.021067630298903992,0.0035391330718994142,0.0010918305190411029,0.1,0.01,0.01,linear,"{'rf__estimator__C': 0.1, 'rf__estimator__epsilon': 0.01, 'rf__estimator__gamma': 0.01, 'rf__estimator__kernel': 'linear'}",-10.610134757424705,-11.511323405974627,-11.59104413270587,-11.256757385267946,-10.7407682878439,-11.14200559384341,0.39876739880154166,80,0.8937654616038935,0.8864756631285214,0.893109246160212,0.8964851271327716,0.8980689769991334,0.8935808950049063,0.003982920579644762,84,-7.907563847651494,-8.615893113606392,-8.624023533527309,-8.402639317004672,-7.918122823945693,-8.293648527147111,0.3209202842211618,84
0.036621379852294925,0.008858495041304353,0.005235099792480468,0.0015179916293413872,0.1,0.01,0.01,poly,"{'rf__estimator__C': 0.1, 'rf__estimator__epsilon': 0.01, 'rf__estimator__gamma': 0.01, 'rf__estimator__kernel': 'poly'}",-36.05243197317814,-38.644619771392534,-40.981672909926125,-39.07043922367842,-37.038596371156906,-38.35755204986642,1.7046905254549758,132,-0.09896996402084253,-0.12399937447997307,-0.14816256360655497,-0.11661541763171852,-0.10601602707216451,-0.1187526693622507,0.01703299812988747,132,-23.859452394206325,-25.612759583798734,-26.793885005049404,-26.046197590686447,-24.540127723356353,-25.37048445941945,1.0501490176338688,132
0.05838756561279297,0.014660647232783128,0.024272346496582033,0.010469882397753854,0.1,0.01,0.1,rbf,"{'rf__estimator__C': 0.1, 'rf__estimator__epsilon': 0.01, 'rf__estimator__gamma': 0.1, 'rf__estimator__kernel': 'rbf'}",-30.116575893056783,-32.4755800306713,-35.166332038848054,-32.963885976224105,-31.005186117987137,-32.34551201135748,1.7390203792635324,114,0.26757208780532465,0.23538652663510562,0.18069802179430816,0.23756678834242154,0.25563127227503973,0.23537093937043996,0.029803841906330664,110,-20.38875577667238,-21.94635514292388,-23.4506749597191,-22.40976030958992,-20.965726339830507,-21.832254505747162,1.0770679010980075,114
0.04563703536987305,0.008038623817696733,0.007659912109375,0.0028554320982120632,0.1,0.01,0.1,linear,"{'rf__estimator__C': 0.1, 'rf__estimator__epsilon': 0.01, 'rf__estimator__gamma': 0.1, 'rf__estimator__kernel': 'linear'}",-10.610134757424705,-11.511323405974627,-11.59104413270587,-11.256757385267946,-10.7407682878439,-11.14200559384341,0.39876739880154166,80,0.8937654616038935,0.8864756631285214,0.893109246160212,0.8964851271327716,0.8980689769991334,0.8935808950049063,0.003982920579644762,84,-7.907563847651494,-8.615893113606392,-8.624023533527309,-8.402639317004672,-7.918122823945693,-8.293648527147111,0.3209202842211618,84
0.0510307788848877,0.015814512259923807,0.005970954895019531,0.0035545410638304826,0.1,0.01,0.1,poly,"{'rf__estimator__C': 0.1, 'rf__estimator__epsilon': 0.01, 'rf__estimator__gamma': 0.1, 'rf__estimator__kernel': 'poly'}",-26.636431022689123,-28.3749554031525,-26.990207283288015,-25.506187325100036,-26.052997283957126,-26.71215566363736,0.9733241290778586,103,0.23729100295346786,0.2416144181805048,0.29536349020174274,0.34886426103840334,0.3102512919782936,0.2866768928704825,0.04235108209768134,103,-19.317607138360966,-20.68710887577145,-20.372161136825657,-18.98036925154278,-19.090682605486794,-19.689585801597527,0.7015700465181872,103
0.044258403778076175,0.011445280730953602,0.02226409912109375,0.004400827802730969,0.1,0.01,1,rbf,"{'rf__estimator__C': 0.1, 'rf__estimator__epsilon': 0.01, 'rf__estimator__gamma': 1, 'rf__estimator__kernel': 'rbf'}",-32.48965488515356,-35.03780884382049,-38.245420234859765,-35.664803699618155,-33.47926639219129,-34.98339081112865,1.9793549426169972,116,0.10001701777827914,0.07539380018261725,-0.006715928044803958,0.06332835279638016,0.08575943772468612,0.06355653608743175,0.03715031001305924,120,-22.38527364394512,-24.003756644287776,-25.801939017560542,-24.70522362021197,-23.08459867085752,-23.996158319372583,1.1991301593798824,125
0.05379133224487305,0.010245627323333346,0.007978439331054688,0.0017664007267239744,0.1,0.01,1,linear,"{'rf__estimator__C': 0.1, 'rf__estimator__epsilon': 0.01, 'rf__estimator__gamma': 1, 'rf__estimator__kernel': 'linear'}",-10.610134757424705,-11.511323405974627,-11.59104413270587,-11.256757385267946,-10.7407682878439,-11.14200559384341,0.39876739880154166,80,0.8937654616038935,0.8864756631285214,0.893109246160212,0.8964851271327716,0.8980689769991334,0.8935808950049063,0.003982920579644762,84,-7.907563847651494,-8.615893113606392,-8.624023533527309,-8.402639317004672,-7.918122823945693,-8.293648527147111,0.3209202842211618,84
2.9292885780334474,0.49762356705867444,0.004850006103515625,0.002147322713986776,0.1,0.01,1,poly,"{'rf__estimator__C': 0.1, 'rf__estimator__epsilon': 0.01, 'rf__estimator__gamma': 1, 'rf__estimator__kernel': 'poly'}",-7.619658984255468,-7.523603515723847,-7.046554079989837,-6.821948342272637,-7.783513124613395,-7.359055609371038,0.36367450748367447,63,0.9224790346375427,0.9264572954440619,0.9326348631314438,0.9423028416175421,0.9193120480087892,0.928637216567876,0.008153091628257137,68,-6.33323176262029,-6.213094476137597,-5.934437494361797,-5.600211377893622,-6.452400940082964,-6.106675210219254,0.306055764886727,70
0.04508161544799805,0.007828366530969542,0.017403793334960938,0.00392769237590357,0.1,0.1,0.001,rbf,"{'rf__estimator__C': 0.1, 'rf__estimator__epsilon': 0.1, 'rf__estimator__gamma': 0.001, 'rf__estimator__kernel': 'rbf'}",-35.99943158308345,-38.59995083925782,-41.41247981650514,-39.09628624390615,-36.98114333794024,-38.41785836413856,1.8640878660805535,134,-0.0963611000804248,-0.12289986427807002,-0.17882880282269767,-0.1195068749761573,-0.10357227701803622,-0.12423378383507719,0.029012147354655553,134,-23.824668049346933,-25.590168871521385,-27.09978708643332,-26.076046176767143,-24.51084347031888,-25.42030273087753,1.1534893026500255,134
0.04200248718261719,0.006336989537378086,0.0037200450897216797,0.0008282724988580473,0.1,0.1,0.001,linear,"{'rf__estimator__C': 0.1, 'rf__estimator__epsilon': 0.1, 'rf__estimator__gamma': 0.001, 'rf__estimator__kernel': 'linear'}",-10.627317331038084,-11.497458099020811,-11.562958501694656,-11.230933421036472,-10.757241267806837,-11.135181724119372,0.3805708241535282,76,0.8933760812702575,0.886839956561769,0.8933869711397923,0.8967045247623742,0.8978005960917171,0.893621625965182,0.0038229426177664506,80,-7.925856454897733,-8.603897305055892,-8.606027442838423,-8.387836390495272,-7.920297447019924,-8.288783008061449,0.30894980687038065,80
0.04670305252075195,0.00679543739127323,0.008172893524169922,0.00200469488407601,0.1,0.1,0.001,poly,"{'rf__estimator__C': 0.1, 'rf__estimator__epsilon': 0.1, 'rf__estimator__gamma': 0.001, 'rf__estimator__kernel': 'poly'}",-36.29160842811562,-38.92588538901812,-41.93492706132021,-39.50554662801356,-37.34995663398534,-38.801584828090576,1.9357712849451312,143,-0.11725482151167961,-0.14918543983740648,-0.21633785160619748,-0.1491406973984053,-0.13152386285332188,-0.15268853464140214,0.03399878153831455,143,-24.047222493221348,-25.81525072839758,-27.44630014573894,-26.37920481007301,-24.773222417706943,-25.692240119027566,1.1928499653033673,143
0.04401044845581055,0.007713594115988725,0.035108327865600586,0.029095943894581335,0.1,0.1,0.01,rbf,"{'rf__estimator__C': 0.1, 'rf__estimator__epsilon': 0.1, 'rf__estimator__gamma': 0.01, 'rf__estimator__kernel': 'rbf'}",-33.96721773570842,-36.38753764868313,-38.48931062902854,-36.62256754222102,-34.806262513461576,-36.05457921382054,1.5669563905512862,126,0.03903350013748034,0.01940431231025963,-0.002959958295956633,0.033164020281234,0.03989519684428248,0.02570741425545996,0.01609985128055281,122,-22.469595650199686,-24.079453396975705,-25.1931500461745,-24.386798127770664,-23.05415528440363,-23.836630501104835,0.9677648888740592,123
0.0748504638671875,0.047030664870708005,0.016555070877075195,0.023670418848358514,0.1,0.1,0.01,linear,"{'rf__estimator__C': 0.1, 'rf__estimator__epsilon': 0.1, 'rf__estimator__gamma': 0.01, 'rf__estimator__kernel': 'linear'}",-10.627317331038084,-11.497458099020811,-11.562958501694656,-11.230933421036472,-10.757241267806837,-11.135181724119372,0.3805708241535282,76,0.8933760812702575,0.886839956561769,0.8933869711397923,0.8967045247623742,0.8978005960917171,0.893621625965182,0.0038229426177664506,80,-7.925856454897733,-8.603897305055892,-8.606027442838423,-8.387836390495272,-7.920297447019924,-8.288783008061449,0.30894980687038065,80
0.06630377769470215,0.03268030995657706,0.009673404693603515,0.007414174544774932,0.1,0.1,0.01,poly,"{'rf__estimator__C': 0.1, 'rf__estimator__epsilon': 0.1, 'rf__estimator__gamma': 0.01, 'rf__estimator__kernel': 'poly'}",-36.053262162961325,-38.62951807639325,-40.98044855012096,-39.071437487372165,-37.04345151209071,-38.35562355778768,1.7029255708563482,129,-0.09909060570844737,-0.12292058320625772,-0.14798916748376112,-0.11674116869150397,-0.10645935987555584,-0.11864017699310521,0.01681576281805175,130,-23.86080824491699,-25.593328593567005,-26.792790030359527,-26.04894805280655,-24.54811031993072,-25.368797048316157,1.047695829327963,130
0.03722071647644043,0.008238736315396119,0.020370960235595703,0.005403006511199377,0.1,0.1,0.1,rbf,"{'rf__estimator__C': 0.1, 'rf__estimator__epsilon': 0.1, 'rf__estimator__gamma': 0.1, 'rf__estimator__kernel': 'rbf'}",-30.11830877526493,-32.4616499873527,-35.16121753874113,-32.97537996123437,-30.99635182299175,-32.34258161711698,1.7389102227182038,113,0.2675777163298774,0.23641436169244015,0.18084332992632857,0.23634495371592157,0.2559228012871406,0.23542063259034168,0.029782346412109174,109,-20.381440007498785,-21.928127256656346,-23.443894545196965,-22.425188830398298,-20.956308801513202,-21.82699188825272,1.0798288219762713,113
0.0386162281036377,0.0040633853326555525,0.0034747600555419924,0.0004480765323741208,0.1,0.1,0.1,linear,"{'rf__estimator__C': 0.1, 'rf__estimator__epsilon': 0.1, 'rf__estimator__gamma': 0.1, 'rf__estimator__kernel': 'linear'}",-10.627317331038084,-11.497458099020811,-11.562958501694656,-11.230933421036472,-10.757241267806837,-11.135181724119372,0.3805708241535282,76,0.8933760812702575,0.886839956561769,0.8933869711397923,0.8967045247623742,0.8978005960917171,0.893621625965182,0.0038229426177664506,80,-7.925856454897733,-8.603897305055892,-8.606027442838423,-8.387836390495272,-7.920297447019924,-8.288783008061449,0.30894980687038065,80
0.04214301109313965,0.0112008923118021,0.006074714660644531,0.0021250906245759683,0.1,0.1,0.1,poly,"{'rf__estimator__C': 0.1, 'rf__estimator__epsilon': 0.1, 'rf__estimator__gamma': 0.1, 'rf__estimator__kernel': 'poly'}",-26.640617264411862,-28.383387049853166,-26.99753345038149,-25.503417747958927,-26.05459076803727,-26.715909256128544,0.9770303028509177,105,0.23680311998332748,0.24124980111816127,0.2945264589760576,0.34884830100323877,0.3101276834820944,0.28631107291257596,0.04249043191926984,105,-19.330506526908575,-20.692849297842525,-20.386618174981432,-18.976917807345316,-19.08952021670335,-19.695282404756238,0.7055695313322708,106
0.04174342155456543,0.012558911274312749,0.019477653503417968,0.009092717657383387,0.1,0.1,1,rbf,"{'rf__estimator__C': 0.1, 'rf__estimator__epsilon': 0.1, 'rf__estimator__gamma': 1, 'rf__estimator__kernel': 'rbf'}",-32.49381301543199,-35.03368924640617,-38.2480752913022,-35.660774969963995,-33.48011562237258,-34.983293629095385,1.9787560654639664,115,0.09937481559295809,0.07570519963125406,-0.006880849528732543,0.06385663311091845,0.08578880558198414,0.06356892087767643,0.037111528029074733,119,-22.39392376661845,-24.000270909413157,-25.80563839004186,-24.700090662698432,-23.08183552787536,-23.99635185132945,1.1977393143204225,126
0.042754173278808594,0.011091787411696578,0.007613849639892578,0.003118771611748249,0.1,0.1,1,linear,"{'rf__estimator__C': 0.1, 'rf__estimator__epsilon': 0.1, 'rf__estimator__gamma': 1, 'rf__estimator__kernel': 'linear'}",-10.627317331038084,-11.497458099020811,-11.562958501694656,-11.230933421036472,-10.757241267806837,-11.135181724119372,0.3805708241535282,76,0.8933760812702575,0.886839956561769,0.8933869711397923,0.8967045247623742,0.8978005960917171,0.893621625965182,0.0038229426177664506,80,-7.925856454897733,-8.603897305055892,-8.606027442838423,-8.387836390495272,-7.920297447019924,-8.288783008061449,0.30894980687038065,80
2.3987968444824217,0.9864410713887357,0.005011749267578125,0.0010719000270853374,0.1,0.1,1,poly,"{'rf__estimator__C': 0.1, 'rf__estimator__epsilon': 0.1, 'rf__estimator__gamma': 1, 'rf__estimator__kernel': 'poly'}",-7.617654456770291,-7.534982467192906,-7.027411734767833,-6.828774376301945,-7.776169049052146,-7.3569984168170235,0.3641351205920641,62,0.9225092716497413,0.9263776964419268,0.9327446694582724,0.9422857910005945,0.9195168488990667,0.9286868554899202,0.008111481735329234,67,-6.3321316499588605,-6.217955424330214,-5.930937346900377,-5.597637514537784,-6.448153496267764,-6.1053630863990005,0.3065341338250131,68
0.045580291748046876,0.018677995302348663,0.017714691162109376,0.004452509462135882,0.1,1,0.001,rbf,"{'rf__estimator__C': 0.1, 'rf__estimator__epsilon': 1, 'rf__estimator__gamma': 0.001, 'rf__estimator__kernel': 'rbf'}",-35.98501917356615,-38.534543525866795,-41.35091941510741,-39.09556651131144,-37.01984758352123,-38.39717924187461,1.8410189259125933,133,-0.09446387895058683,-0.11822115674889071,-0.17421529594677063,-0.1200156375837923,-0.10702142693421797,-0.12278747923285169,0.02729157187539111,133,-23.85565615740094,-25.504618430566065,-27.03103356823051,-26.089445844107377,-24.57440520416617,-25.41103184089421,1.11467907957221,133
0.032418441772460935,0.008069113874572669,0.0037540912628173826,0.00125177671454571,0.1,1,0.001,linear,"{'rf__estimator__C': 0.1, 'rf__estimator__epsilon': 1, 'rf__estimator__gamma': 0.001, 'rf__estimator__kernel': 'linear'}",-10.65357543333577,-11.482157552608857,-11.63950431826811,-11.303696664788001,-10.801851426641665,-11.176157079128481,0.38413268481131124,84,0.8936188408357721,0.8883663628353825,0.8927370708050426,0.8960478700095752,0.8974574617848866,0.8936455212541319,0.0031304209885003476,76,-7.903377160980071,-8.538700506419667,-8.617463881658304,-8.410075222880437,-7.92821571317369,-8.279566497022433,0.3044087366545997,76
0.06010565757751465,0.017669597294686926,0.011533832550048828,0.003862012697251598,0.1,1,0.001,poly,"{'rf__estimator__C': 0.1, 'rf__estimator__epsilon': 1, 'rf__estimator__gamma': 0.001, 'rf__estimator__kernel': 'poly'}",-36.29355934486208,-38.865440944232674,-41.88220966601391,-39.47928171928611,-37.33859369663135,-38.77181707420523,1.9172743335960016,140,-0.11795905679905923,-0.14239074980671176,-0.21117741159644252,-0.1466051352467097,-0.13032419877585935,-0.1496913104449565,0.03232764833280816,140,-24.061559440591346,-25.72718468761273,-27.393996048119426,-26.347528646600423,-24.780075500923797,-25.662068864769545,1.1673225485759797,139
0.07679581642150879,0.014024505856717781,0.021073102951049805,0.005320043265447177,0.1,1,0.01,rbf,"{'rf__estimator__C': 0.1, 'rf__estimator__epsilon': 1, 'rf__estimator__gamma': 0.01, 'rf__estimator__kernel': 'rbf'}",-33.94071549345768,-36.34763809302252,-38.48461705590989,-36.62809898181341,-34.78115481988135,-36.03644488881697,1.5753271147017678,124,0.04272946588285098,0.020783837446554616,-0.0065790144993037964,0.032167914747153525,0.04139391405817716,0.026099223527086497,0.01812976614340267,121,-22.460840197456577,-24.03284820427603,-25.173825857144838,-24.402460543003322,-23.019982282255295,-23.817991416827212,0.9700239831279144,121
0.06220102310180664,0.017207398376682507,0.00589752197265625,0.0034420040095567437,0.1,1,0.01,linear,"{'rf__estimator__C': 0.1, 'rf__estimator__epsilon': 1, 'rf__estimator__gamma': 0.01, 'rf__estimator__kernel': 'linear'}",-10.65357543333577,-11.482157552608857,-11.63950431826811,-11.303696664788001,-10.801851426641665,-11.176157079128481,0.38413268481131124,84,0.8936188408357721,0.8883663628353825,0.8927370708050426,0.8960478700095752,0.8974574617848866,0.8936455212541319,0.0031304209885003476,76,-7.903377160980071,-8.538700506419667,-8.617463881658304,-8.410075222880437,-7.92821571317369,-8.279566497022433,0.3044087366545997,76
0.035119152069091795,0.01123717954053556,0.004864215850830078,0.0026157717869824044,0.1,1,0.01,poly,"{'rf__estimator__C': 0.1, 'rf__estimator__epsilon': 1, 'rf__estimator__gamma': 0.01, 'rf__estimator__kernel': 'poly'}",-36.02375295684768,-38.56778105126167,-40.96953809948527,-39.0586849320011,-37.06995142721689,-38.33794169336252,1.7006390219240006,127,-0.09555838728158506,-0.11968536201597298,-0.148790707577099,-0.11659154011513606,-0.10918401645271895,-0.1179620026885024,0.017517032886887125,127,-23.868606486298063,-25.515758833779945,-26.7682822522549,-26.049885956822145,-24.592724277385823,-25.359051561308178,1.0292156721778563,127
0.03584465980529785,0.010433225079870066,0.013820886611938477,0.002311379884468793,0.1,1,0.1,rbf,"{'rf__estimator__C': 0.1, 'rf__estimator__epsilon': 1, 'rf__estimator__gamma': 0.1, 'rf__estimator__kernel': 'rbf'}",-30.099760313380546,-32.406746369588994,-35.195542050416186,-32.96415179285789,-30.98376416141067,-32.32999293753086,1.7553170503905404,112,0.2670966778439743,0.23842908223791534,0.17987994060869397,0.2354713404871538,0.2550971289766005,0.23519483403086755,0.02994696390078428,111,-20.35157149695644,-21.87398498199107,-23.45686314589229,-22.413585401563758,-20.924853530783857,-21.804171711437483,1.0946137000711598,112
0.03438692092895508,0.00420475463689571,0.0035172462463378905,0.0013381354131851027,0.1,1,0.1,linear,"{'rf__estimator__C': 0.1, 'rf__estimator__epsilon': 1, 'rf__estimator__gamma': 0.1, 'rf__estimator__kernel': 'linear'}",-10.65357543333577,-11.482157552608857,-11.63950431826811,-11.303696664788001,-10.801851426641665,-11.176157079128481,0.38413268481131124,84,0.8936188408357721,0.8883663628353825,0.8927370708050426,0.8960478700095752,0.8974574617848866,0.8936455212541319,0.0031304209885003476,76,-7.903377160980071,-8.538700506419667,-8.617463881658304,-8.410075222880437,-7.92821571317369,-8.279566497022433,0.3044087366545997,76
0.03454880714416504,0.009418309339635,0.0030260562896728517,4.124280329427538e-05,0.1,1,0.1,poly,"{'rf__estimator__C': 0.1, 'rf__estimator__epsilon': 1, 'rf__estimator__gamma': 0.1, 'rf__estimator__kernel': 'poly'}",-26.714548020978334,-28.44393738814885,-27.15513487548593,-25.604977638385606,-26.075668359470512,-26.798853256493846,0.9786399901686041,107,0.2327382745266151,0.23795506685591752,0.28872914722171533,0.34637899350244367,0.3102260702311485,0.28320551046756803,0.04323437225693854,107,-19.368328736710808,-20.73846499169589,-20.49368795822091,-19.017954233541865,-19.08307501330964,-19.74030218669582,0.7288370841798201,107
0.045361328125,0.02609161069879768,0.014605426788330078,0.003510422081171696,0.1,1,1,rbf,"{'rf__estimator__C': 0.1, 'rf__estimator__epsilon': 1, 'rf__estimator__gamma': 1, 'rf__estimator__kernel': 'rbf'}",-32.47607471252125,-35.08354374523952,-38.365285227563604,-35.654451188079165,-33.471880162216834,-35.01024700712408,2.0231289957603207,117,0.10440874477063888,0.07220553000555437,-0.012390688301829877,0.06624522771828507,0.08775440672007932,0.06364464418254555,0.040260194071024866,117,-22.30096810801952,-24.03230191178575,-25.88482635750467,-24.648678085470124,-23.017839630667563,-23.976922818689523,1.2508463254601931,124
0.024029636383056642,0.006754649700937267,0.0032996654510498045,0.0014462255573145961,0.1,1,1,linear,"{'rf__estimator__C': 0.1, 'rf__estimator__epsilon': 1, 'rf__estimator__gamma': 1, 'rf__estimator__kernel': 'linear'}",-10.65357543333577,-11.482157552608857,-11.63950431826811,-11.303696664788001,-10.801851426641665,-11.176157079128481,0.38413268481131124,84,0.8936188408357721,0.8883663628353825,0.8927370708050426,0.8960478700095752,0.8974574617848866,0.8936455212541319,0.0031304209885003476,76,-7.903377160980071,-8.538700506419667,-8.617463881658304,-8.410075222880437,-7.92821571317369,-8.279566497022433,0.3044087366545997,76
0.8679338455200195,0.20904830762664384,0.003832721710205078,0.001723011509789665,0.1,1,1,poly,"{'rf__estimator__C': 0.1, 'rf__estimator__epsilon': 1, 'rf__estimator__gamma': 1, 'rf__estimator__kernel': 'poly'}",-7.828887338043048,-7.67261345554721,-7.104684999158597,-7.01052007793202,-7.870747741151749,-7.497490722366524,0.36640121052114977,65,0.9204231067162993,0.9248643317042134,0.9337341141337365,0.9412632912322475,0.920530592799508,0.9281630873172009,0.008144884815214052,71,-6.387773478252363,-6.236467486741858,-5.898085225662445,-5.60980477394304,-6.409375368989067,-6.1083012667177545,0.309149300261038,72
0.042667055130004884,0.006735306474103562,0.0190582275390625,0.0037691645335976276,1,0.01,0.001,rbf,"{'rf__estimator__C': 1, 'rf__estimator__epsilon': 0.01, 'rf__estimator__gamma': 0.001, 'rf__estimator__kernel': 'rbf'}",-33.358580153935044,-35.75692760888539,-37.35737762046317,-35.92098272535098,-34.18508653102403,-35.31579092793172,1.4027188851015684,119,0.07531508034510097,0.05149098182701032,0.04751924830823465,0.0673925371710435,0.07630174850043141,0.06360391923036417,0.01198482106615117,118,-22.06722732672875,-23.65336938384254,-24.46109907036023,-23.941813774737223,-22.628613151089407,-23.350424541351632,0.8766665828093273,117
0.05666499137878418,0.014120633186195788,0.00428156852722168,0.0027287688269704807,1,0.01,0.001,linear,"{'rf__estimator__C': 1, 'rf__estimator__epsilon': 0.01, 'rf__estimator__gamma': 0.001, 'rf__estimator__kernel': 'linear'}",-5.837394618250507,-6.467903350988782,-6.845748821897527,-6.219880146612319,-6.168350582932395,-6.307855504136306,0.3357020304658049,53,0.9587897515687586,0.9538268413663854,0.9527864964443765,0.9574526699699392,0.9568145475175679,0.9559340613734054,0.0022620316333686634,54,-4.336932570871922,-4.7295541937363,-5.239880379837702,-4.758691372640849,-4.543402083113558,-4.721692120040066,0.29992568327212416,57
0.03883824348449707,0.010213639613312562,0.006802892684936524,0.0028207330028225722,1,0.01,0.001,poly,"{'rf__estimator__C': 1, 'rf__estimator__epsilon': 0.01, 'rf__estimator__gamma': 0.001, 'rf__estimator__kernel': 'poly'}",-36.28932242920415,-38.92679507700353,-41.93011076192422,-39.50212091520547,-37.34489651176892,-38.79864913902126,1.9353275203369478,142,-0.11706442279024672,-0.14956956918863606,-0.21585859500564708,-0.14892771170390237,-0.13105671438413058,-0.15249540261451255,0.03391505492849041,142,-24.04526106389466,-25.818699839354938,-27.445105042310825,-26.37690795334451,-24.769202969010443,-25.691035373583077,1.193467877639833,142
0.03793435096740723,0.007191912609627841,0.018172073364257812,0.004869739459701258,1,0.01,0.01,rbf,"{'rf__estimator__C': 1, 'rf__estimator__epsilon': 0.01, 'rf__estimator__gamma': 0.01, 'rf__estimator__kernel': 'rbf'}",-20.873637284866618,-23.067577518753744,-22.27425479951817,-22.397865540705155,-21.240142397844778,-21.97069550833769,0.8018749550304655,98,0.6141767482194465,0.5876083353716054,0.6160619499846901,0.6195743070793936,0.6222103584415817,0.6119263398193435,0.01247225233837516,98,-14.829724406418869,-16.18885746342394,-15.95623523003842,-15.707513619352786,-14.90488627367482,-15.517443398581767,0.5527468588966804,99
0.05296578407287598,0.007388685846237534,0.003054189682006836,0.0001910839700613554,1,0.01,0.01,linear,"{'rf__estimator__C': 1, 'rf__estimator__epsilon': 0.01, 'rf__estimator__gamma': 0.01, 'rf__estimator__kernel': 'linear'}",-5.837394618250507,-6.467903350988782,-6.845748821897527,-6.219880146612319,-6.168350582932395,-6.307855504136306,0.3357020304658049,53,0.9587897515687586,0.9538268413663854,0.9527864964443765,0.9574526699699392,0.9568145475175679,0.9559340613734054,0.0022620316333686634,54,-4.336932570871922,-4.7295541937363,-5.239880379837702,-4.758691372640849,-4.543402083113558,-4.721692120040066,0.29992568327212416,57
0.03940081596374512,0.008898637344313358,0.004771757125854492,0.0019207437161314353,1,0.01,0.01,poly,"{'rf__estimator__C': 1, 'rf__estimator__epsilon': 0.01, 'rf__estimator__gamma': 0.01, 'rf__estimator__kernel': 'poly'}",-34.10645092375751,-36.48142535755751,-35.94282671089496,-36.32089218330618,-35.160321261931095,-35.60238328748945,0.8761397365898637,123,0.00660693361153127,-0.004532490592996504,0.05144969460963911,0.01668479231232778,0.0029574981448519853,0.014633285617070727,0.01963532514717483,126,-22.65936258031526,-24.181892993150257,-24.08026955646372,-24.316997324765758,-23.351713155351273,-23.718047122009253,0.6261170758776546,120
0.04299120903015137,0.0031911606860669747,0.015280675888061524,0.005030130068428544,1,0.01,0.1,rbf,"{'rf__estimator__C': 1, 'rf__estimator__epsilon': 0.01, 'rf__estimator__gamma': 0.1, 'rf__estimator__kernel': 'rbf'}",-8.511105787676382,-9.638547891765173,-10.871430616596399,-10.68606194150396,-8.93780081825468,-9.728989411159318,0.9315105275348741,73,0.9216106330956894,0.9113227382829819,0.8995647623435524,0.9025217401654668,0.9188006079356685,0.9107640963646718,0.008670714806890436,73,-6.591817426785046,-7.392170812924833,-8.13924937812839,-8.043582385671126,-6.779825514347254,-7.38932910357133,0.6321321618980706,74
0.054225587844848634,0.010925148433398214,0.006958389282226562,0.003377410176839246,1,0.01,0.1,linear,"{'rf__estimator__C': 1, 'rf__estimator__epsilon': 0.01, 'rf__estimator__gamma': 0.1, 'rf__estimator__kernel': 'linear'}",-5.837394618250507,-6.467903350988782,-6.845748821897527,-6.219880146612319,-6.168350582932395,-6.307855504136306,0.3357020304658049,53,0.9587897515687586,0.9538268413663854,0.9527864964443765,0.9574526699699392,0.9568145475175679,0.9559340613734054,0.0022620316333686634,54,-4.336932570871922,-4.7295541937363,-5.239880379837702,-4.758691372640849,-4.543402083113558,-4.721692120040066,0.29992568327212416,57
0.05403451919555664,0.00822689866459643,0.00505523681640625,0.0019241391206153416,1,0.01,0.1,poly,"{'rf__estimator__C': 1, 'rf__estimator__epsilon': 0.01, 'rf__estimator__gamma': 0.1, 'rf__estimator__kernel': 'poly'}",-24.335057700201055,-25.900075136102696,-23.640470800496775,-22.54859835244315,-23.86693577114997,-24.058227552078726,1.0917079300820267,101,0.35390059191407514,0.36583505155525947,0.44360191622778755,0.4660286344570918,0.4160160785317009,0.40907645453718305,0.04335414958643182,100,-17.985075042998083,-18.967279384113514,-18.11908557492022,-17.221010837831685,-17.609121259091392,-17.98031441979098,0.5844153026668228,100
0.04709672927856445,0.006262389205825337,0.0238645076751709,0.004953914035369244,1,0.01,1,rbf,"{'rf__estimator__C': 1, 'rf__estimator__epsilon': 0.01, 'rf__estimator__gamma': 1, 'rf__estimator__kernel': 'rbf'}",-15.914534412347944,-18.102594249192684,-21.936291613589788,-19.527670416697656,-17.10046249661802,-18.51631063768922,2.0815448692523675,91,0.7229488487207781,0.688106626162695,0.6182102336597457,0.6635681818826337,0.7058040127324089,0.6797275806316523,0.036506922293560916,92,-13.091827439171432,-14.570266970822662,-16.77303302939529,-15.813595507022473,-13.812995078547576,-14.812343604991886,1.331486600852885,93
0.04788870811462402,0.008244858048992419,0.0029153347015380858,5.633935451145134e-05,1,0.01,1,linear,"{'rf__estimator__C': 1, 'rf__estimator__epsilon': 0.01, 'rf__estimator__gamma': 1, 'rf__estimator__kernel': 'linear'}",-5.837394618250507,-6.467903350988782,-6.845748821897527,-6.219880146612319,-6.168350582932395,-6.307855504136306,0.3357020304658049,53,0.9587897515687586,0.9538268413663854,0.9527864964443765,0.9574526699699392,0.9568145475175679,0.9559340613734054,0.0022620316333686634,54,-4.336932570871922,-4.7295541937363,-5.239880379837702,-4.758691372640849,-4.543402083113558,-4.721692120040066,0.29992568327212416,57
47.626836156845094,13.45560622519671,0.006314373016357422,0.0022470779170383,1,0.01,1,poly,"{'rf__estimator__C': 1, 'rf__estimator__epsilon': 0.01, 'rf__estimator__gamma': 1, 'rf__estimator__kernel': 'poly'}",-4.078466024420854,-3.9722555311998278,-3.3671523522551965,-3.543708829775268,-4.472227711463229,-3.886762089822875,0.3935757461495791,21,0.9698734656585802,0.9729543620991846,0.9760210305519953,0.9782125186988365,0.9661818340043373,0.9726486422025868,0.004288225801500496,20,-3.3074926370629125,-3.14966381239976,-2.658387135419224,-2.755770650557989,-3.5906256816062405,-3.0923879834092256,0.3462540400765328,18
0.044736623764038086,0.004496151622605427,0.01915431022644043,0.00535895774573335,1,0.1,0.001,rbf,"{'rf__estimator__C': 1, 'rf__estimator__epsilon': 0.1, 'rf__estimator__gamma': 0.001, 'rf__estimator__kernel': 'rbf'}",-33.3587783607161,-35.747767847024775,-37.36546953430922,-35.92029408514453,-34.18931010078514,-35.31632398559596,1.403714097426348,120,0.07521931083540605,0.05210261023305818,0.04751875619435797,0.06774167114358032,0.07573710383975696,0.0636638904492319,0.011749443200512582,116,-22.063940542410368,-23.642357815611067,-24.467490044006517,-23.935797459319367,-22.63544281414291,-23.349005735098043,0.876578771320622,116
0.061899852752685544,0.011719252634103497,0.005747270584106445,0.0026982495131284874,1,0.1,0.001,linear,"{'rf__estimator__C': 1, 'rf__estimator__epsilon': 0.1, 'rf__estimator__gamma': 0.001, 'rf__estimator__kernel': 'linear'}",-5.8186834859977,-6.472229118736498,-6.833956737782836,-6.218071418062588,-6.175691332813151,-6.303726418678556,0.33720431791748234,49,0.9591105961332098,0.9534800540446082,0.9531350427556315,0.957664052964612,0.9567930632209807,0.9560365618238084,0.002350542645467199,50,-4.321652404294142,-4.740775747167834,-5.230052589228361,-4.749507522813928,-4.544030043174797,-4.717203661335812,0.30035415912273566,53
0.04562244415283203,0.007439867318376565,0.007958793640136718,0.0037120621313613527,1,0.1,0.001,poly,"{'rf__estimator__C': 1, 'rf__estimator__epsilon': 0.1, 'rf__estimator__gamma': 0.001, 'rf__estimator__kernel': 'poly'}",-36.289322596490855,-38.9236081388333,-41.926700440642016,-39.501431774309,-37.34705806785347,-38.79762420362573,1.9338073436692773,141,-0.11706415122450935,-0.14896874229900545,-0.21569336789381385,-0.14881316453072305,-0.13127811752241314,-0.15236350869409296,0.03383914540126646,141,-24.045260506948203,-25.81384800878553,-27.440859442260685,-26.3760274750942,-24.771030896781053,-25.68940526597394,1.191734136168816,141
0.043844985961914065,0.006685520737623273,0.020833206176757813,0.0037258650127362258,1,0.1,0.01,rbf,"{'rf__estimator__C': 1, 'rf__estimator__epsilon': 0.1, 'rf__estimator__gamma': 0.01, 'rf__estimator__kernel': 'rbf'}",-20.872112901733534,-23.040081777443767,-22.268521554323065,-22.39814080148789,-21.25015541922838,-21.965802490843327,0.7925829773975709,97,0.6137621342351208,0.5882213263891398,0.6160785724289825,0.6197758073137866,0.621855845021594,0.6119387370777247,0.0121880866714628,97,-14.835669723740214,-16.16841196567463,-15.9524649963203,-15.70242905924532,-14.909454833117431,-15.513686115619578,0.5443562094913768,98
0.05660014152526856,0.008005127689783767,0.005868101119995117,0.003810664186554463,1,0.1,0.01,linear,"{'rf__estimator__C': 1, 'rf__estimator__epsilon': 0.1, 'rf__estimator__gamma': 0.01, 'rf__estimator__kernel': 'linear'}",-5.8186834859977,-6.472229118736498,-6.833956737782836,-6.218071418062588,-6.175691332813151,-6.303726418678556,0.33720431791748234,49,0.9591105961332098,0.9534800540446082,0.9531350427556315,0.957664052964612,0.9567930632209807,0.9560365618238084,0.002350542645467199,50,-4.321652404294142,-4.740775747167834,-5.230052589228361,-4.749507522813928,-4.544030043174797,-4.717203661335812,0.30035415912273566,53
0.04318733215332031,0.005133420399454354,0.005222177505493164,0.001783901868682713,1,0.1,0.01,poly,"{'rf__estimator__C': 1, 'rf__estimator__epsilon': 0.1, 'rf__estimator__gamma': 0.01, 'rf__estimator__kernel': 'poly'}",-34.112343080498945,-36.4942048348399,-35.93275026386166,-36.310885284742184,-35.140068308940435,-35.59805035457663,0.8763930827896718,122,0.005635343762882032,-0.005781996851918565,0.05273164005589703,0.017265531071185076,0.004452793309563978,0.014860662269521912,0.020295536287025913,125,-22.671971215462456,-24.199901068231494,-24.061174398467085,-24.3066859953619,-23.328814097468673,-23.713709354998322,0.6232332380575821,119
0.04040803909301758,0.008599972660899404,0.024616432189941407,0.005607452920470661,1,0.1,0.1,rbf,"{'rf__estimator__C': 1, 'rf__estimator__epsilon': 0.1, 'rf__estimator__gamma': 0.1, 'rf__estimator__kernel': 'rbf'}",-8.51340312707942,-9.632408441433494,-10.880690113345246,-10.684460206469751,-8.937752549460633,-9.729742887557709,0.9329919376436686,74,0.9215236178581091,0.9113619966623744,0.8994699420931661,0.9026383960684502,0.9187587237762204,0.9107505352916639,0.00864433758575284,74,-6.601891986435488,-7.3880284642351635,-8.143539519602637,-8.03862063359621,-6.777982693999193,-7.390012659573739,0.6299545767705409,75
0.08450932502746582,0.049611707780282926,0.0057464599609375,0.002854815470814927,1,0.1,0.1,linear,"{'rf__estimator__C': 1, 'rf__estimator__epsilon': 0.1, 'rf__estimator__gamma': 0.1, 'rf__estimator__kernel': 'linear'}",-5.8186834859977,-6.472229118736498,-6.833956737782836,-6.218071418062588,-6.175691332813151,-6.303726418678556,0.33720431791748234,49,0.9591105961332098,0.9534800540446082,0.9531350427556315,0.957664052964612,0.9567930632209807,0.9560365618238084,0.002350542645467199,50,-4.321652404294142,-4.740775747167834,-5.230052589228361,-4.749507522813928,-4.544030043174797,-4.717203661335812,0.30035415912273566,53
0.07088618278503418,0.017534125497425435,0.008014345169067382,0.002755822123663012,1,0.1,0.1,poly,"{'rf__estimator__C': 1, 'rf__estimator__epsilon': 0.1, 'rf__estimator__gamma': 0.1, 'rf__estimator__kernel': 'poly'}",-24.323877176818396,-25.896458179488786,-23.628523821350505,-22.557479187640432,-23.877551546986588,-24.056777982456943,1.0880428139365002,100,0.3542912998116588,0.3659064618044741,0.44400529399650956,0.46567328686008097,0.41525252249813943,0.4090257729941726,0.04318892839181761,101,-17.97973588971428,-18.960535704680087,-18.11011015097113,-17.227701862104364,-17.6246639471281,-17.980549510919595,0.5780300473561937,101
0.08281331062316895,0.022432256997834164,0.018156766891479492,0.005774776934746118,1,0.1,1,rbf,"{'rf__estimator__C': 1, 'rf__estimator__epsilon': 0.1, 'rf__estimator__gamma': 1, 'rf__estimator__kernel': 'rbf'}",-15.922194713937595,-18.11223477768718,-21.935970978198043,-19.530603062270995,-17.08393732558672,-18.516988171536106,2.081695064291307,92,0.7229007491163997,0.6882631167013967,0.6184423962947135,0.6631179726002646,0.705950563315953,0.6797349596057455,0.036486094062790644,91,-13.090784037958144,-14.569768512264089,-16.765735149102465,-15.817501535076278,-13.804421628029942,-14.809642172486184,1.3315075088354937,92
0.06491317749023437,0.006839023641440718,0.005934429168701172,0.002460011381292536,1,0.1,1,linear,"{'rf__estimator__C': 1, 'rf__estimator__epsilon': 0.1, 'rf__estimator__gamma': 1, 'rf__estimator__kernel': 'linear'}",-5.8186834859977,-6.472229118736498,-6.833956737782836,-6.218071418062588,-6.175691332813151,-6.303726418678556,0.33720431791748234,49,0.9591105961332098,0.9534800540446082,0.9531350427556315,0.957664052964612,0.9567930632209807,0.9560365618238084,0.002350542645467199,50,-4.321652404294142,-4.740775747167834,-5.230052589228361,-4.749507522813928,-4.544030043174797,-4.717203661335812,0.30035415912273566,53
43.64270486831665,11.326074068310755,0.011425447463989259,0.007315264344192834,1,0.1,1,poly,"{'rf__estimator__C': 1, 'rf__estimator__epsilon': 0.1, 'rf__estimator__gamma': 1, 'rf__estimator__kernel': 'poly'}",-4.0922261962176005,-3.943063889506843,-3.350745159539045,-3.5531750981641785,-4.480984893779505,-3.884039047441435,0.3992601878880638,20,0.9698061206880549,0.9731642984743941,0.9760643117505663,0.978229973239483,0.9662115156140877,0.9726952439533172,0.0043032458599562414,19,-3.3133643740933127,-3.1335829780478375,-2.6530817610184525,-2.7560981491096235,-3.5874361141861346,-3.088712675291072,0.34687563040503194,17
0.045866966247558594,0.0042827656860046385,0.015585803985595703,0.0035571149662477525,1,1,0.001,rbf,"{'rf__estimator__C': 1, 'rf__estimator__epsilon': 1, 'rf__estimator__gamma': 0.001, 'rf__estimator__kernel': 'rbf'}",-33.362296085310035,-35.73055758014885,-37.27624944527725,-35.86281149629052,-34.163971767838596,-35.279177274973044,1.3748299644700712,118,0.07349417282465875,0.05206276239793117,0.05010712848835456,0.06871061349537493,0.07514587896610636,0.06390411123448515,0.010696011987511654,115,-22.06895958514656,-23.617598885349466,-24.38387883271704,-23.87819414058499,-22.58921620846097,-23.307569530451808,0.8520984042415433,115
0.0388486385345459,0.004526445117269975,0.0036667346954345702,0.0018325144665912302,1,1,0.001,linear,"{'rf__estimator__C': 1, 'rf__estimator__epsilon': 1, 'rf__estimator__gamma': 0.001, 'rf__estimator__kernel': 'linear'}",-5.825744767691536,-6.454770524431834,-6.7936340476032,-6.251283994446064,-6.239042928756722,-6.3128952525858715,0.3155325940670474,57,0.9594805402932418,0.9550888250043581,0.9547966036142652,0.9580630037637771,0.9571213150301646,0.9569100575411614,0.0017756616655134761,46,-4.296955026544969,-4.675885150094492,-5.155978900577414,-4.735774756345669,-4.514804085401845,-4.675879583792878,0.2841168498947338,49
0.03389277458190918,0.0048627351084769,0.005813312530517578,0.002306429390748192,1,1,0.001,poly,"{'rf__estimator__C': 1, 'rf__estimator__epsilon': 1, 'rf__estimator__gamma': 0.001, 'rf__estimator__kernel': 'poly'}",-36.291094793307096,-38.86249922472105,-41.87336201458943,-39.4758218937143,-37.336224121284644,-38.7678004095233,1.915111304806113,139,-0.11773965371069643,-0.14215931405396928,-0.21051454392946023,-0.14635683707678368,-0.13013033167954288,-0.14938013609009052,0.0321570257477792,138,-24.059869739381124,-25.72494053727085,-27.38760208863103,-26.345573015526078,-24.77845499798134,-25.65928807575808,1.1658792833730711,137
0.03489608764648437,0.003997670835310198,0.016981077194213868,0.005246622162596667,1,1,0.01,rbf,"{'rf__estimator__C': 1, 'rf__estimator__epsilon': 1, 'rf__estimator__gamma': 0.01, 'rf__estimator__kernel': 'rbf'}",-20.93990692120779,-23.05239582902903,-22.344404969333148,-22.370188811609886,-21.290615154905492,-21.999502337217073,0.773332331654624,99,0.611763074030575,0.5887895314236467,0.6151021022147488,0.621482224568789,0.6205118560202348,0.6115297576515989,0.011913552450471088,99,-14.857257148344237,-16.13814704496369,-15.938953574792867,-15.656752221001886,-14.908255988371842,-15.499873195494905,0.5268325006800185,97
0.041133880615234375,0.005519047607028132,0.0060790061950683595,0.004066744916462606,1,1,0.01,linear,"{'rf__estimator__C': 1, 'rf__estimator__epsilon': 1, 'rf__estimator__gamma': 0.01, 'rf__estimator__kernel': 'linear'}",-5.825744767691536,-6.454770524431834,-6.7936340476032,-6.251283994446064,-6.239042928756722,-6.3128952525858715,0.3155325940670474,57,0.9594805402932418,0.9550888250043581,0.9547966036142652,0.9580630037637771,0.9571213150301646,0.9569100575411614,0.0017756616655134761,46,-4.296955026544969,-4.675885150094492,-5.155978900577414,-4.735774756345669,-4.514804085401845,-4.675879583792878,0.2841168498947338,49
0.02768855094909668,0.0032615567452590364,0.0032360076904296873,8.258420370730347e-05,1,1,0.01,poly,"{'rf__estimator__C': 1, 'rf__estimator__epsilon': 1, 'rf__estimator__gamma': 0.01, 'rf__estimator__kernel': 'poly'}",-34.0461980921527,-36.45558930874154,-35.944180116636815,-36.268196489426586,-35.12182564255141,-35.56719792990181,0.8870795649027902,121,0.014799669471063148,-0.0029843824561770482,0.05304225828062744,0.02052260914760155,0.0062893974770258,0.01833391038402818,0.019086595168377213,124,-22.58640661569064,-24.15611695722436,-24.045011900376487,-24.257703181852044,-23.311492366946794,-23.671346204418064,0.6364011212480415,118
0.026634645462036134,0.003785287316777086,0.008863401412963868,0.0014736056095891383,1,1,0.1,rbf,"{'rf__estimator__C': 1, 'rf__estimator__epsilon': 1, 'rf__estimator__gamma': 0.1, 'rf__estimator__kernel': 'rbf'}",-8.60802423303343,-9.73276403586299,-10.937368364891686,-10.649591175809629,-9.124992327497859,-9.810548027419118,0.8827024324089674,75,0.9212011172905257,0.9100311223072258,0.8987365896684932,0.9024004277173194,0.9168046972856105,0.9098347908538349,0.008440987420540476,75,-6.5913621518226435,-7.386591268420027,-8.11104051190247,-7.975934957589868,-6.82183524213815,-7.377352826374631,0.6038318745139948,73
0.048118209838867186,0.0075112581994314104,0.005215930938720703,0.0023178095043371945,1,1,0.1,linear,"{'rf__estimator__C': 1, 'rf__estimator__epsilon': 1, 'rf__estimator__gamma': 0.1, 'rf__estimator__kernel': 'linear'}",-5.825744767691536,-6.454770524431834,-6.7936340476032,-6.251283994446064,-6.239042928756722,-6.3128952525858715,0.3155325940670474,57,0.9594805402932418,0.9550888250043581,0.9547966036142652,0.9580630037637771,0.9571213150301646,0.9569100575411614,0.0017756616655134761,46,-4.296955026544969,-4.675885150094492,-5.155978900577414,-4.735774756345669,-4.514804085401845,-4.675879583792878,0.2841168498947338,49
0.04871907234191895,0.01085566386955626,0.0033377647399902345,0.0007966258202366238,1,1,0.1,poly,"{'rf__estimator__C': 1, 'rf__estimator__epsilon': 1, 'rf__estimator__gamma': 0.1, 'rf__estimator__kernel': 'poly'}",-24.354445418140077,-25.977293858689798,-23.738317366086267,-22.575681564502634,-23.903669252699462,-24.109881492023646,1.1028502406103327,102,0.35309120058811566,0.3626261695263502,0.44153691074239615,0.4661239453012423,0.41585794131188347,0.4078472334939976,0.04390560032129282,102,-17.966322856868274,-19.031790346004463,-18.180649137716728,-17.211867818937172,-17.612393180035507,-18.00060466791243,0.6115143714793198,102
0.030883359909057616,0.0060997345272907795,0.012692832946777343,0.0027691842726604845,1,1,1,rbf,"{'rf__estimator__C': 1, 'rf__estimator__epsilon': 1, 'rf__estimator__gamma': 1, 'rf__estimator__kernel': 'rbf'}",-16.150613221932513,-18.21224671522965,-22.06895351727084,-19.64427630370931,-17.28886620587419,-18.672991192803302,2.0477515941569204,93,0.7207075937469631,0.6887747625546122,0.618077055978072,0.6636256921733936,0.7041833170477338,0.6790736843001549,0.035825175838377174,93,-13.073073741552632,-14.508120777390934,-16.72382261063857,-15.749219653232307,-13.780324246220228,-14.766912205806936,1.3193819615423048,91
0.038803720474243165,0.003123993496576541,0.0031841754913330077,0.0019940393682216207,1,1,1,linear,"{'rf__estimator__C': 1, 'rf__estimator__epsilon': 1, 'rf__estimator__gamma': 1, 'rf__estimator__kernel': 'linear'}",-5.825744767691536,-6.454770524431834,-6.7936340476032,-6.251283994446064,-6.239042928756722,-6.3128952525858715,0.3155325940670474,57,0.9594805402932418,0.9550888250043581,0.9547966036142652,0.9580630037637771,0.9571213150301646,0.9569100575411614,0.0017756616655134761,46,-4.296955026544969,-4.675885150094492,-5.155978900577414,-4.735774756345669,-4.514804085401845,-4.675879583792878,0.2841168498947338,49
10.635497426986694,3.603670455382893,0.005718374252319336,0.0017000389769456833,1,1,1,poly,"{'rf__estimator__C': 1, 'rf__estimator__epsilon': 1, 'rf__estimator__gamma': 1, 'rf__estimator__kernel': 'poly'}",-4.161306787605472,-4.116182072288851,-3.4438016180536932,-3.746069265551624,-4.557600981151528,-4.004992144930234,0.38056533164549666,24,0.9729214253524141,0.9713817382358328,0.9767433594422323,0.9777702218027727,0.9673686960479092,0.9732370881762323,0.0037635948575343425,18,-3.2516817407829985,-3.1839387239075245,-2.6124449621789454,-2.7954420643972013,-3.53889471853398,-3.07648044196013,0.3317774063454533,16
0.039191675186157224,0.0008874937382655044,0.01688728332519531,0.002298172435980618,10,0.01,0.001,rbf,"{'rf__estimator__C': 10, 'rf__estimator__epsilon': 0.01, 'rf__estimator__gamma': 0.001, 'rf__estimator__kernel': 'rbf'}",-20.26258961918597,-22.404436700771548,-21.53006316129724,-21.589931497950566,-20.510661896115224,-21.25953657506411,0.78075069700622,96,0.6352196643858214,0.6123086413216184,0.6413489374583342,0.6472060241990715,0.6461721328473881,0.6364510800424468,0.01279476791992156,96,-14.43654724785428,-15.770334291365975,-15.49303702421476,-15.200492016601121,-14.496337125565235,-15.079349541120274,0.5322351027555648,96
0.11453967094421387,0.012533809977221597,0.004388141632080078,0.002959637625155083,10,0.01,0.001,linear,"{'rf__estimator__C': 10, 'rf__estimator__epsilon': 0.01, 'rf__estimator__gamma': 0.001, 'rf__estimator__kernel': 'linear'}",-5.510369660822829,-6.337152457964122,-6.508363712823497,-5.940074352204588,-6.001903186082538,-6.059572673979515,0.3457436916055905,41,0.9631597398057412,0.9536511143649204,0.9559554001005649,0.9602110127403906,0.9575344690065997,0.9581023472036435,0.00330965350368401,42,-4.036440009150184,-4.7269552597317315,-5.008023968291924,-4.555789154597031,-4.484342518397788,-4.562310182033731,0.3188823293853215,41
0.036045169830322264,0.0007072352153567225,0.003279447555541992,3.4243747697402816e-05,10,0.01,0.001,poly,"{'rf__estimator__C': 10, 'rf__estimator__epsilon': 0.01, 'rf__estimator__gamma': 0.001, 'rf__estimator__kernel': 'poly'}",-36.266600449753604,-38.904015860010745,-41.85725902077719,-39.46326794572382,-37.317351628077446,-38.76169898086856,1.918676680564117,138,-0.11519028349762366,-0.14735588294184207,-0.2101008832464082,-0.14583306924939107,-0.12873264325204015,-0.14944255243746102,0.03255436659187797,139,-24.025732138510705,-25.804571855730558,-27.400962707679916,-26.34781817842293,-24.748878478086656,-25.665592671686152,1.1853913698418879,140
0.04538602828979492,0.003988215566103824,0.015981054306030272,0.0034791135019107784,10,0.01,0.01,rbf,"{'rf__estimator__C': 10, 'rf__estimator__epsilon': 0.01, 'rf__estimator__gamma': 0.01, 'rf__estimator__kernel': 'rbf'}",-7.058814372966832,-7.863298282809538,-7.941083084457968,-7.58526994202978,-7.31849392325779,-7.553391921104381,0.330801033825468,68,0.9473191256435635,0.9412755515329317,0.9452031603287913,0.9480691723951583,0.9454854126508779,0.9454704845102645,0.0023596525385961016,61,-5.416029291187563,-5.971117418905644,-6.061550301826881,-5.8413479204314624,-5.569527412757344,-5.7719144690217785,0.24331317901308794,63
0.1096658706665039,0.007724523381681484,0.005785703659057617,0.003558820205745566,10,0.01,0.01,linear,"{'rf__estimator__C': 10, 'rf__estimator__epsilon': 0.01, 'rf__estimator__gamma': 0.01, 'rf__estimator__kernel': 'linear'}",-5.510369660822829,-6.337152457964122,-6.508363712823497,-5.940074352204588,-6.001903186082538,-6.059572673979515,0.3457436916055905,41,0.9631597398057412,0.9536511143649204,0.9559554001005649,0.9602110127403906,0.9575344690065997,0.9581023472036435,0.00330965350368401,42,-4.036440009150184,-4.7269552597317315,-5.008023968291924,-4.555789154597031,-4.484342518397788,-4.562310182033731,0.3188823293853215,41
0.041228532791137695,0.007286661054650968,0.004336357116699219,0.0012056017592556082,10,0.01,0.01,poly,"{'rf__estimator__C': 10, 'rf__estimator__epsilon': 0.01, 'rf__estimator__gamma': 0.01, 'rf__estimator__kernel': 'poly'}",-29.37973335997185,-31.3295973203034,-29.84026964129597,-30.222088662373636,-29.482107193056642,-30.0507592354003,0.7046598271404402,109,0.17025033657078537,0.15884907504064194,0.21826854990282116,0.2247667906121549,0.20638512426239772,0.19570397527776023,0.0263593080399173,112,-20.225579719703237,-21.77774642364703,-21.50435992484403,-21.083521675015856,-20.429985848994583,-21.004238718440945,0.5984642633763712,109
0.058223390579223634,0.005717212233993795,0.015121555328369141,0.0031444641610288157,10,0.01,0.1,rbf,"{'rf__estimator__C': 10, 'rf__estimator__epsilon': 0.01, 'rf__estimator__gamma': 0.1, 'rf__estimator__kernel': 'rbf'}",-1.8486060454037614,-2.238046339929037,-1.9937212573872813,-2.106145066247882,-2.0562773844397233,-2.048559218681537,0.12827278943254675,6,0.9943781037225659,0.9935124228334292,0.9945274263074574,0.9941495059519686,0.9945487546149531,0.9942232426860749,0.00038292808746663874,5,-1.5776452218136328,-1.7225215530180669,-1.6327497668384199,-1.6772404113872679,-1.499390142208056,-1.6219094190530885,0.07781018662059855,4
0.13901066780090332,0.014436649216835972,0.004418039321899414,0.002003461571855094,10,0.01,0.1,linear,"{'rf__estimator__C': 10, 'rf__estimator__epsilon': 0.01, 'rf__estimator__gamma': 0.1, 'rf__estimator__kernel': 'linear'}",-5.510369660822829,-6.337152457964122,-6.508363712823497,-5.940074352204588,-6.001903186082538,-6.059572673979515,0.3457436916055905,41,0.9631597398057412,0.9536511143649204,0.9559554001005649,0.9602110127403906,0.9575344690065997,0.9581023472036435,0.00330965350368401,42,-4.036440009150184,-4.7269552597317315,-5.008023968291924,-4.555789154597031,-4.484342518397788,-4.562310182033731,0.3188823293853215,41
0.24771599769592284,0.060566678874282916,0.006837129592895508,0.0030616739110811025,10,0.01,0.1,poly,"{'rf__estimator__C': 10, 'rf__estimator__epsilon': 0.01, 'rf__estimator__gamma': 0.1, 'rf__estimator__kernel': 'poly'}",-16.204695908948718,-16.424237187349924,-14.71517925702643,-14.729637162083057,-15.852683210192549,-15.585286545120136,0.7277677756089052,89,0.7139612904911689,0.7342902090478156,0.7686283561489008,0.7745752796332829,0.7350850221268157,0.7453080314895967,0.022842634958043208,90,-12.241005880841598,-12.272517694353178,-11.61547901472299,-11.331555412553103,-11.88994276581131,-11.870100153656434,0.3618748477963393,90
0.1566244602203369,0.034551881969811744,0.0230072021484375,0.00964382529822155,10,0.01,1,rbf,"{'rf__estimator__C': 10, 'rf__estimator__epsilon': 0.01, 'rf__estimator__gamma': 1, 'rf__estimator__kernel': 'rbf'}",-2.5067250051022247,-3.92367624050942,-3.7389565919431034,-4.286649006229956,-2.422054518203889,-3.3756122723977184,0.7650645217145238,16,0.9814940187243212,0.9617662966252913,0.9728882885395557,0.9644756679466345,0.9883432671287439,0.9737935077929093,0.010032833449264882,16,-3.1897756531174224,-4.851512344985112,-4.214576290627142,-5.0651065631210965,-2.630597979843525,-3.99031376633886,0.9420004796646576,22
0.12377099990844727,0.029938355549607613,0.005665397644042969,0.0022414692192726272,10,0.01,1,linear,"{'rf__estimator__C': 10, 'rf__estimator__epsilon': 0.01, 'rf__estimator__gamma': 1, 'rf__estimator__kernel': 'linear'}",-5.510369660822829,-6.337152457964122,-6.508363712823497,-5.940074352204588,-6.001903186082538,-6.059572673979515,0.3457436916055905,41,0.9631597398057412,0.9536511143649204,0.9559554001005649,0.9602110127403906,0.9575344690065997,0.9581023472036435,0.00330965350368401,42,-4.036440009150184,-4.7269552597317315,-5.008023968291924,-4.555789154597031,-4.484342518397788,-4.562310182033731,0.3188823293853215,41
618.6760120868682,146.2464864987897,0.01790585517883301,0.010202830209482835,10,0.01,1,poly,"{'rf__estimator__C': 10, 'rf__estimator__epsilon': 0.01, 'rf__estimator__gamma': 1, 'rf__estimator__kernel': 'poly'}",-2.7376178327807823,-2.711810921395773,-2.506998735123791,-2.7737996909380795,-2.9861943792443824,-2.743284311896562,0.15283327272750255,10,0.9750782801476457,0.9816483785133311,0.9826450972225542,0.9799716259850529,0.979633977338039,0.9797954718413246,0.0026024079688000915,15,-2.349423138197701,-2.182248981635518,-1.9555895394850473,-2.183924440794121,-2.406133779025522,-2.215463975827582,0.15743743634098017,9
0.04671168327331543,0.00880396588661227,0.024248743057250978,0.008181633445754607,10,0.1,0.001,rbf,"{'rf__estimator__C': 10, 'rf__estimator__epsilon': 0.1, 'rf__estimator__gamma': 0.001, 'rf__estimator__kernel': 'rbf'}",-20.27911635519019,-22.40299076039666,-21.529032687477844,-21.584226315875135,-20.493292322260665,-21.257731688240096,0.7789578718721915,95,0.6347332747167087,0.611873511057836,0.6414144589271423,0.647872217864396,0.6470010919472932,0.6365789109026753,0.013215947328736597,94,-14.447122312007542,-15.772219079790995,-15.501933149195755,-15.183899496956805,-14.480698397862392,-15.077174487162699,0.5343494367835023,95
0.13878288269042968,0.012048042009525823,0.0064490318298339845,0.0036232024462593826,10,0.1,0.001,linear,"{'rf__estimator__C': 10, 'rf__estimator__epsilon': 0.1, 'rf__estimator__gamma': 0.001, 'rf__estimator__kernel': 'linear'}",-5.499750081697426,-6.339395318723112,-6.517571778830716,-5.942631822234739,-6.0051570553637195,-6.060901211369942,0.35159426180851827,45,0.9633752557424127,0.9536326718214632,0.9559467560283643,0.9601800399996462,0.9574428884162404,0.9581155224016253,0.0033816848201117336,38,-4.0182483420585156,-4.722926514837158,-5.014767839697356,-4.554874831476949,-4.487976072543437,-4.559758720122683,0.3262107044660221,33
0.043425130844116214,0.00398907288236373,0.006592702865600586,0.0029949190661855774,10,0.1,0.001,poly,"{'rf__estimator__C': 10, 'rf__estimator__epsilon': 0.1, 'rf__estimator__gamma': 0.001, 'rf__estimator__kernel': 'poly'}",-36.266600449753604,-38.90094256407979,-41.843320964778,-39.46042239817183,-37.31813540614608,-38.757884356585855,1.9138086089529904,137,-0.11519028349762366,-0.14682010828520098,-0.20921856623711368,-0.14556633453989173,-0.12883391284052723,-0.1491258410800715,0.03222578634398603,137,-24.025732138510705,-25.79989024556684,-27.385153031299915,-26.344348934677612,-24.74916669440847,-25.660858208892712,1.1802119129767745,138
0.046847057342529294,0.002677220072199716,0.023720645904541017,0.006308435352055898,10,0.1,0.01,rbf,"{'rf__estimator__C': 10, 'rf__estimator__epsilon': 0.1, 'rf__estimator__gamma': 0.01, 'rf__estimator__kernel': 'rbf'}",-7.050094421724337,-7.842744911553956,-7.929674488684642,-7.573038303815598,-7.318182820701702,-7.542746989296047,0.3267307224700376,67,0.9473905086817497,0.941511895983798,0.9453803661053272,0.9482270046664535,0.945497895092989,0.9456015341060635,0.0023185479074883854,59,-5.410415693131231,-5.956915799646469,-6.048423659264489,-5.831862353688749,-5.563248137428423,-5.762173128631872,0.2400104613743584,61
0.1268897533416748,0.03890335115855043,0.003502941131591797,0.0005747762073607383,10,0.1,0.01,linear,"{'rf__estimator__C': 10, 'rf__estimator__epsilon': 0.1, 'rf__estimator__gamma': 0.01, 'rf__estimator__kernel': 'linear'}",-5.499750081697426,-6.339395318723112,-6.517571778830716,-5.942631822234739,-6.0051570553637195,-6.060901211369942,0.35159426180851827,45,0.9633752557424127,0.9536326718214632,0.9559467560283643,0.9601800399996462,0.9574428884162404,0.9581155224016253,0.0033816848201117336,38,-4.0182483420585156,-4.722926514837158,-5.014767839697356,-4.554874831476949,-4.487976072543437,-4.559758720122683,0.3262107044660221,33
0.03905177116394043,0.007449911026431997,0.006173467636108399,0.0034339062384140316,10,0.1,0.01,poly,"{'rf__estimator__C': 10, 'rf__estimator__epsilon': 0.1, 'rf__estimator__gamma': 0.01, 'rf__estimator__kernel': 'poly'}",-29.384266824407188,-31.329808096733494,-29.842037401737365,-30.22508376163565,-29.491718764670896,-30.05458296983692,0.7023653053891676,110,0.1696133137964901,0.15890020926172968,0.21837585540375407,0.22445811940528557,0.20584735431300194,0.19543897043605227,0.026376473467349004,113,-20.241708768391664,-21.778334547711317,-21.503871165979298,-21.08744840707868,-20.438166616825498,-21.009905901197293,0.5928759991697518,110
0.05616288185119629,0.009317008942323452,0.012112617492675781,0.004059738887927217,10,0.1,0.1,rbf,"{'rf__estimator__C': 10, 'rf__estimator__epsilon': 0.1, 'rf__estimator__gamma': 0.1, 'rf__estimator__kernel': 'rbf'}",-1.8609864742674442,-2.231782453844309,-1.9869588529720918,-2.1214813580759424,-2.0639970401661873,-2.053041235865195,0.12490349535698389,7,0.9943229711829846,0.9935966037922109,0.9945709708303706,0.9941647435365853,0.9945885141984144,0.9942487607081132,0.00036252628034622335,4,-1.5836910324295557,-1.7223552988561133,-1.6332433925419922,-1.6940656675039,-1.5043417726767456,-1.6275394328016612,0.07816478643414713,5
0.11581916809082031,0.014850468011058314,0.006070327758789062,0.002206058938503985,10,0.1,0.1,linear,"{'rf__estimator__C': 10, 'rf__estimator__epsilon': 0.1, 'rf__estimator__gamma': 0.1, 'rf__estimator__kernel': 'linear'}",-5.499750081697426,-6.339395318723112,-6.517571778830716,-5.942631822234739,-6.0051570553637195,-6.060901211369942,0.35159426180851827,45,0.9633752557424127,0.9536326718214632,0.9559467560283643,0.9601800399996462,0.9574428884162404,0.9581155224016253,0.0033816848201117336,38,-4.0182483420585156,-4.722926514837158,-5.014767839697356,-4.554874831476949,-4.487976072543437,-4.559758720122683,0.3262107044660221,33
0.1927624225616455,0.0365991788050564,0.004887437820434571,0.002537179411623154,10,0.1,0.1,poly,"{'rf__estimator__C': 10, 'rf__estimator__epsilon': 0.1, 'rf__estimator__gamma': 0.1, 'rf__estimator__kernel': 'poly'}",-16.20029127586077,-16.425167033963426,-14.683513137135474,-14.7303974826571,-15.837606015746022,-15.575394989072558,0.7335988745481988,88,0.7140044486823797,0.7342536558066307,0.7693745961288466,0.7746155096847712,0.7357671672042138,0.7456030755013684,0.02293832673266275,88,-12.246150088884868,-12.273026140882104,-11.593773177605083,-11.32660179700199,-11.87401474593422,-11.862713190061653,0.367492164331106,89
0.10128097534179688,0.009746549982613893,0.014606904983520509,0.0026576605161262195,10,0.1,1,rbf,"{'rf__estimator__C': 10, 'rf__estimator__epsilon': 0.1, 'rf__estimator__gamma': 1, 'rf__estimator__kernel': 'rbf'}",-2.514318769056769,-3.927442884380821,-3.747631597869824,-4.300030813131457,-2.416586449377451,-3.3812021027632646,0.7692679427089251,17,0.9813872717083719,0.9614716467858844,0.9727796175500704,0.9641819746665087,0.9883232637112331,0.9736287548844137,0.010137861125369806,17,-3.1940146363486424,-4.858912228361241,-4.21611957210871,-5.073553681296861,-2.627448515634885,-3.9940097267500683,0.9455459754964869,23
0.13239102363586425,0.021413097719415318,0.005386734008789062,0.002337003097533571,10,0.1,1,linear,"{'rf__estimator__C': 10, 'rf__estimator__epsilon': 0.1, 'rf__estimator__gamma': 1, 'rf__estimator__kernel': 'linear'}",-5.499750081697426,-6.339395318723112,-6.517571778830716,-5.942631822234739,-6.0051570553637195,-6.060901211369942,0.35159426180851827,45,0.9633752557424127,0.9536326718214632,0.9559467560283643,0.9601800399996462,0.9574428884162404,0.9581155224016253,0.0033816848201117336,38,-4.0182483420585156,-4.722926514837158,-5.014767839697356,-4.554874831476949,-4.487976072543437,-4.559758720122683,0.3262107044660221,33
690.0694927692414,167.04410246892127,0.010036802291870118,0.0024791337749693805,10,0.1,1,poly,"{'rf__estimator__C': 10, 'rf__estimator__epsilon': 0.1, 'rf__estimator__gamma': 1, 'rf__estimator__kernel': 'poly'}",-2.72961563298794,-2.678081754779213,-2.4828789433853893,-2.7542052813352123,-2.99490348811246,-2.727937020120043,0.16401398890086594,9,0.9764763554533727,0.9811640343918975,0.9826977660213294,0.9799140811473741,0.9795575482120458,0.979961957045204,0.002061305303160499,14,-2.329277684368482,-2.183466249870628,-1.9062336799263129,-2.1968999156560187,-2.4197606761514154,-2.2071276411945715,0.173974184486738,8
0.03753824234008789,0.007910698718175478,0.019414997100830077,0.008481444131934619,10,1,0.001,rbf,"{'rf__estimator__C': 10, 'rf__estimator__epsilon': 1, 'rf__estimator__gamma': 0.001, 'rf__estimator__kernel': 'rbf'}",-20.28785892367753,-22.36196351226478,-21.540828825398783,-21.529395330341224,-20.56074468801733,-21.25615825593993,0.7482920184219157,94,0.6352797493204396,0.613105398035675,0.6415981764904481,0.648994792216874,0.6436695739849534,0.636529538009678,0.012508445766892232,95,-14.451424385942795,-15.72512742187522,-15.458457945480191,-15.1351434037077,-14.505202417170802,-15.055071114835343,0.5069226606023532,94
0.10471162796020508,0.018080954169658114,0.004072141647338867,0.0017494456856114407,10,1,0.001,linear,"{'rf__estimator__C': 10, 'rf__estimator__epsilon': 1, 'rf__estimator__gamma': 0.001, 'rf__estimator__kernel': 'linear'}",-5.514481476856217,-6.279718702811501,-6.474020919243467,-5.92077670441911,-6.00613278551309,-6.039026117768676,0.32783086284822666,29,0.9634876650413698,0.9551876903307549,0.957618842437353,0.9612628276071016,0.9582868493532349,0.9591687749539629,0.0029005856805006287,22,-3.9735944628788684,-4.6379430759235065,-4.922313437538131,-4.482412367686843,-4.411035633647053,-4.485459795534881,0.310369655989056,25
0.029163265228271486,0.00532318927159527,0.0049744129180908205,0.0024322849573294824,10,1,0.001,poly,"{'rf__estimator__C': 10, 'rf__estimator__epsilon': 1, 'rf__estimator__gamma': 0.001, 'rf__estimator__kernel': 'poly'}",-36.26672403185284,-38.83311046045323,-41.78448628706646,-39.44132779382187,-37.315972113983776,-38.72832413743563,1.8928124466149079,136,-0.11558458033802554,-0.139856716495806,-0.20385904600964397,-0.14389199341757875,-0.12851896609020744,-0.14634226047025234,0.03039720848279455,136,-24.043423643184937,-25.7025496562504,-27.323763908243432,-26.326108674050953,-24.76780096661902,-25.63272936966975,1.1505860574031632,136
0.04197483062744141,0.004464257967730108,0.008506155014038086,0.0013946068243278038,10,1,0.01,rbf,"{'rf__estimator__C': 10, 'rf__estimator__epsilon': 1, 'rf__estimator__gamma': 0.01, 'rf__estimator__kernel': 'rbf'}",-7.124955198645729,-7.917910875228602,-8.010805047061833,-7.552152962331677,-7.479380691403651,-7.617040954934298,0.3196504529852383,69,0.9472941292963114,0.9420916474091431,0.9450953628050266,0.948708029404176,0.9444690973644804,0.9455316532558274,0.0022955915069539897,60,-5.401792460226761,-5.946894902185597,-6.0547477249597685,-5.802550548689519,-5.613279310589946,-5.763852989330319,0.23382978836887425,62
0.10697541236877442,0.008862409836530206,0.0036107540130615235,0.0025954927496497932,10,1,0.01,linear,"{'rf__estimator__C': 10, 'rf__estimator__epsilon': 1, 'rf__estimator__gamma': 0.01, 'rf__estimator__kernel': 'linear'}",-5.514481476856217,-6.279718702811501,-6.474020919243467,-5.92077670441911,-6.00613278551309,-6.039026117768676,0.32783086284822666,29,0.9634876650413698,0.9551876903307549,0.957618842437353,0.9612628276071016,0.9582868493532349,0.9591687749539629,0.0029005856805006287,22,-3.9735944628788684,-4.6379430759235065,-4.922313437538131,-4.482412367686843,-4.411035633647053,-4.485459795534881,0.310369655989056,25
0.0486717700958252,0.016006251323909322,0.005716466903686523,0.00251121095895009,10,1,0.01,poly,"{'rf__estimator__C': 10, 'rf__estimator__epsilon': 1, 'rf__estimator__gamma': 0.01, 'rf__estimator__kernel': 'poly'}",-29.393403564495834,-31.340988799717174,-29.89043583703255,-30.293323554455117,-29.50560128636918,-30.08475060841397,0.7032453298594064,111,0.1701269921634869,0.15706364038154375,0.21642996540141987,0.2195714632217971,0.20463093368897325,0.19356459897144418,0.025311211448920283,114,-20.208360146351133,-21.811392297018422,-21.541146477398375,-21.158277801569366,-20.440708849412957,-21.03197711435005,0.6181644444531778,111
0.053209877014160155,0.016150678837770632,0.006548404693603516,0.00370424415830107,10,1,0.1,rbf,"{'rf__estimator__C': 10, 'rf__estimator__epsilon': 1, 'rf__estimator__gamma': 0.1, 'rf__estimator__kernel': 'rbf'}",-2.1003390578102428,-2.556830274898043,-2.30353069662642,-2.4341944075884365,-2.3405916774609503,-2.347097222876818,0.1512638946031309,8,0.9929103969684361,0.991879892493925,0.9930947406502976,0.9924859557577115,0.9929766535521766,0.9926695278845094,0.00044505567366820843,6,-1.6702318063170172,-1.875924276115711,-1.7646477317535652,-1.8453053825304926,-1.6378980135035481,-1.7588014420440667,0.09348485277272994,6
0.11131234169006347,0.012174083911266129,0.00397944450378418,0.0033778036652427944,10,1,0.1,linear,"{'rf__estimator__C': 10, 'rf__estimator__epsilon': 1, 'rf__estimator__gamma': 0.1, 'rf__estimator__kernel': 'linear'}",-5.514481476856217,-6.279718702811501,-6.474020919243467,-5.92077670441911,-6.00613278551309,-6.039026117768676,0.32783086284822666,29,0.9634876650413698,0.9551876903307549,0.957618842437353,0.9612628276071016,0.9582868493532349,0.9591687749539629,0.0029005856805006287,22,-3.9735944628788684,-4.6379430759235065,-4.922313437538131,-4.482412367686843,-4.411035633647053,-4.485459795534881,0.310369655989056,25
0.13396821022033692,0.023138357471716383,0.003467416763305664,0.0005408531347241735,10,1,0.1,poly,"{'rf__estimator__C': 10, 'rf__estimator__epsilon': 1, 'rf__estimator__gamma': 0.1, 'rf__estimator__kernel': 'poly'}",-16.240798967084128,-16.396035359184417,-14.693215021298467,-14.726883260577054,-15.872519322431208,-15.585890386115054,0.7351406426835205,90,0.7129676961348862,0.7358491521254445,0.7675001760344088,0.7742731117957021,0.7361865965392927,0.7453553465259468,0.022583286865764222,89,-12.227638785304704,-12.202814205488183,-11.6152935325691,-11.277029229566686,-11.85769482597033,-11.836094115779801,0.3604341514486365,88
0.05419845581054687,0.008967767215716196,0.011536979675292968,0.00927532451310351,10,1,1,rbf,"{'rf__estimator__C': 10, 'rf__estimator__epsilon': 1, 'rf__estimator__gamma': 1, 'rf__estimator__kernel': 'rbf'}",-3.0337421562939304,-4.343695812667704,-4.218905830217669,-4.728537924263156,-3.010535781690584,-3.8670835010266087,0.7100948897970916,19,0.9777217484528024,0.9574067423350684,0.9688700086264935,0.9602515554322967,0.9844980475190898,0.96974962047315,0.010241137847973286,21,-3.3712969170307883,-4.963280955177765,-4.325280269410965,-5.161227491854218,-2.8468270190248965,-4.1335825304997265,0.8964397100114141,24
0.13535661697387696,0.03681958525517247,0.0055885791778564455,0.0025045392754943726,10,1,1,linear,"{'rf__estimator__C': 10, 'rf__estimator__epsilon': 1, 'rf__estimator__gamma': 1, 'rf__estimator__kernel': 'linear'}",-5.514481476856217,-6.279718702811501,-6.474020919243467,-5.92077670441911,-6.00613278551309,-6.039026117768676,0.32783086284822666,29,0.9634876650413698,0.9551876903307549,0.957618842437353,0.9612628276071016,0.9582868493532349,0.9591687749539629,0.0029005856805006287,22,-3.9735944628788684,-4.6379430759235065,-4.922313437538131,-4.482412367686843,-4.411035633647053,-4.485459795534881,0.310369655989056,25
134.73561940193176,36.04335691418796,0.004915809631347657,0.002501351701482366,10,1,1,poly,"{'rf__estimator__C': 10, 'rf__estimator__epsilon': 1, 'rf__estimator__gamma': 1, 'rf__estimator__kernel': 'poly'}",-2.873588391347446,-2.717038061567112,-2.6412979721897107,-2.886067260165695,-3.1019552262838475,-2.8439893823107623,0.15899274912579625,12,0.9788925162817498,0.9843190239618061,0.9834405606774204,0.982369748027275,0.9807844374263853,0.9819612572749273,0.0019347528648521117,12,-2.359721098479704,-2.0645988170854555,-1.9440423377888003,-2.2328662109983037,-2.3637904624591854,-2.19300378536229,0.16554238297217916,7
0.062467193603515624,0.015569574931818295,0.01778302192687988,0.005947919343829531,100,0.01,0.001,rbf,"{'rf__estimator__C': 100, 'rf__estimator__epsilon': 0.01, 'rf__estimator__gamma': 0.001, 'rf__estimator__kernel': 'rbf'}",-7.554808602708301,-8.309534358957626,-8.432738717617497,-8.151777600312675,-7.855041585452108,-8.060780173009642,0.31838590800240596,70,0.9394631959179268,0.9342140101950749,0.9374521805983603,0.9390646474446384,0.9388222293186747,0.9378032526949349,0.0019178506155412074,65,-5.725549496643378,-6.196644711713188,-6.415926500676994,-6.242624468126127,-5.8463686321997,-6.085422761871877,0.2580585452487305,65
0.662846565246582,0.10108394146157659,0.005513620376586914,0.002015074024538446,100,0.01,0.001,linear,"{'rf__estimator__C': 100, 'rf__estimator__epsilon': 0.01, 'rf__estimator__gamma': 0.001, 'rf__estimator__kernel': 'linear'}",-5.47739281084777,-6.3097522745415375,-6.506622226110966,-5.92516526829975,-6.004525689376015,-6.0446916538352085,0.35252370843596526,33,0.963424126390195,0.9537396123431551,0.9560273844573456,0.9601457440025389,0.9573738937441276,0.9581421521874723,0.00335733383233145,30,-4.021346027823858,-4.722706595847563,-5.010115099665314,-4.560045286784986,-4.493682294646362,-4.561579060953616,0.32360800791913114,37
0.042633056640625,0.011987543311022895,0.012386751174926759,0.0072742549131733425,100,0.01,0.001,poly,"{'rf__estimator__C': 100, 'rf__estimator__epsilon': 0.01, 'rf__estimator__gamma': 0.001, 'rf__estimator__kernel': 'poly'}",-36.05243197308604,-38.644619771396876,-40.98167290995947,-39.07043922364634,-37.0385963708966,-38.357552049797064,1.7046905255278941,131,-0.09896996400045892,-0.12399937447918241,-0.1481625636144959,-0.11661541762545957,-0.10601602704665007,-0.11875266935324938,0.017032998141288648,131,-23.859452394221726,-25.612759583797416,-26.793885005065874,-26.046197590390303,-24.540127723006375,-25.370484459296343,1.0501490176510762,131
0.0722156047821045,0.01860282782433086,0.020158100128173827,0.006886453430045262,100,0.01,0.01,rbf,"{'rf__estimator__C': 100, 'rf__estimator__epsilon': 0.01, 'rf__estimator__gamma': 0.01, 'rf__estimator__kernel': 'rbf'}",-2.9746731141308898,-3.353139389263595,-3.2351721220865968,-3.0429873668097334,-3.208291437309628,-3.1628526859200887,0.13658920631500507,14,0.9873274844580076,0.9850239509201856,0.9877711534777692,0.9883430814043327,0.9858627467013384,0.9868656833923266,0.0012339936540229086,10,-2.2080772748657678,-2.556194219718537,-2.493008543775879,-2.2346774129068305,-2.3978421121556894,-2.377959912684541,0.13768728550632717,11
0.6797943115234375,0.06070949673175725,0.004553508758544922,0.0024243852009564085,100,0.01,0.01,linear,"{'rf__estimator__C': 100, 'rf__estimator__epsilon': 0.01, 'rf__estimator__gamma': 0.01, 'rf__estimator__kernel': 'linear'}",-5.47739281084777,-6.3097522745415375,-6.506622226110966,-5.92516526829975,-6.004525689376015,-6.0446916538352085,0.35252370843596526,33,0.963424126390195,0.9537396123431551,0.9560273844573456,0.9601457440025389,0.9573738937441276,0.9581421521874723,0.00335733383233145,30,-4.021346027823858,-4.722706595847563,-5.010115099665314,-4.560045286784986,-4.493682294646362,-4.561579060953616,0.32360800791913114,37
0.05414590835571289,0.010916993465408127,0.00786128044128418,0.00411867922080372,100,0.01,0.01,poly,"{'rf__estimator__C': 100, 'rf__estimator__epsilon': 0.01, 'rf__estimator__gamma': 0.01, 'rf__estimator__kernel': 'poly'}",-26.636448466844673,-28.37503170794117,-26.990266223540697,-25.50615334318081,-26.053018403778985,-26.712183629057268,0.9733588569757101,104,0.23728860166172627,0.24160956556622257,0.2953610725945741,0.34886714405977554,0.3102490243504576,0.2866750816465512,0.042353169858806224,104,-19.317602556674814,-20.687182121882437,-20.37221927340871,-18.98029189832708,-19.090735849666256,-19.68960633999186,0.7016092236596942,104
0.282395601272583,0.040234177596823614,0.015399312973022461,0.004110564093904886,100,0.01,0.1,rbf,"{'rf__estimator__C': 100, 'rf__estimator__epsilon': 0.01, 'rf__estimator__gamma': 0.1, 'rf__estimator__kernel': 'rbf'}",-1.0792607977700217,-1.2307500875245752,-1.1450477807454296,-1.1626380259220082,-1.1613145769571502,-1.155802253783837,0.04830847637624276,2,0.9980484030692095,0.9977775684009677,0.9975769156022286,0.9981785210816961,0.9981937414948531,0.997955029929791,0.0002408788443842312,2,-0.8347221509672834,-0.9467461005106215,-0.9641597558225292,-0.8765815647685105,-0.8741044205431711,-0.8992627985224232,0.04853690671746097,2
0.7468449592590332,0.1799272946621467,0.00495295524597168,0.0024222987343432904,100,0.01,0.1,linear,"{'rf__estimator__C': 100, 'rf__estimator__epsilon': 0.01, 'rf__estimator__gamma': 0.1, 'rf__estimator__kernel': 'linear'}",-5.47739281084777,-6.3097522745415375,-6.506622226110966,-5.92516526829975,-6.004525689376015,-6.0446916538352085,0.35252370843596526,33,0.963424126390195,0.9537396123431551,0.9560273844573456,0.9601457440025389,0.9573738937441276,0.9581421521874723,0.00335733383233145,30,-4.021346027823858,-4.722706595847563,-5.010115099665314,-4.560045286784986,-4.493682294646362,-4.561579060953616,0.32360800791913114,37
3.4256824016571046,1.9404269041138658,0.005908012390136719,0.004457677074262974,100,0.01,0.1,poly,"{'rf__estimator__C': 100, 'rf__estimator__epsilon': 0.01, 'rf__estimator__gamma': 0.1, 'rf__estimator__kernel': 'poly'}",-7.6190017962674785,-7.523542137716777,-7.04725573271175,-6.822353999605511,-7.784474367194818,-7.359325606699267,0.36355917650760233,64,0.9224866865986027,0.9264696573202936,0.9326126304364556,0.9422925390385172,0.9193051635757707,0.928633335393928,0.008147223047496694,69,-6.3328918929192355,-6.2128511173916765,-5.9343547182909555,-5.6001212944157714,-6.452524297166081,-6.106548664036744,0.3060555646356379,69
1.2130017757415772,0.07794855525975215,0.02309703826904297,0.010367340027528546,100,0.01,1,rbf,"{'rf__estimator__C': 100, 'rf__estimator__epsilon': 0.01, 'rf__estimator__gamma': 1, 'rf__estimator__kernel': 'rbf'}",-1.513114191484077,-2.0994719052658404,-1.767868642433441,-2.2684506808772857,-1.2994911063972685,-1.7896793052915825,0.35845276469960685,4,0.9896832654645272,0.9791182521457812,0.9910740021985408,0.985895356328693,0.9954379106106602,0.9882417573496405,0.005488681503629866,7,-2.2505032731459433,-3.3261927802960987,-2.0965779887767444,-3.0466001812391936,-1.589848850388117,-2.4619446147692194,0.6367885453757688,13
0.6598564147949219,0.11757666839088723,0.005911874771118164,0.0015647494238721516,100,0.01,1,linear,"{'rf__estimator__C': 100, 'rf__estimator__epsilon': 0.01, 'rf__estimator__gamma': 1, 'rf__estimator__kernel': 'linear'}",-5.47739281084777,-6.3097522745415375,-6.506622226110966,-5.92516526829975,-6.004525689376015,-6.0446916538352085,0.35252370843596526,33,0.963424126390195,0.9537396123431551,0.9560273844573456,0.9601457440025389,0.9573738937441276,0.9581421521874723,0.00335733383233145,30,-4.021346027823858,-4.722706595847563,-5.010115099665314,-4.560045286784986,-4.493682294646362,-4.561579060953616,0.32360800791913114,37
2873.3186477661134,963.5559873444066,0.010523796081542969,0.006171053038549532,100,0.01,1,poly,"{'rf__estimator__C': 100, 'rf__estimator__epsilon': 0.01, 'rf__estimator__gamma': 1, 'rf__estimator__kernel': 'poly'}",-3.2385261864776043,-3.4126069899821347,-4.807666510706602,-4.377188499062332,-3.6035444589218373,-3.887906529030102,0.6022991844791494,22,0.9666389140203141,0.9676424112072635,0.9165321793042827,0.9071911372618017,0.9711287818181352,0.9458266847223594,0.027928997486933154,58,-2.9851721397561257,-3.00152852032114,-4.2455542220644364,-4.937431674052318,-2.759747237027164,-3.585886758644237,0.8540109992125775,19
0.04630274772644043,0.016174219855855952,0.01891326904296875,0.0036988185425391755,100,0.1,0.001,rbf,"{'rf__estimator__C': 100, 'rf__estimator__epsilon': 0.1, 'rf__estimator__gamma': 0.001, 'rf__estimator__kernel': 'rbf'}",-7.566164275309011,-8.322578246763122,-8.421886627822966,-8.143736454727168,-7.87604324310634,-8.066081769545722,0.31127156397731526,71,0.9394435883244503,0.9343557033765056,0.9374880903980136,0.9392431382430629,0.9386411362441319,0.9378343313172328,0.0018679461653786325,64,-5.73319331177983,-6.202587371859696,-6.411670143940392,-6.23655600520812,-5.862275050055012,-6.089256376568611,0.25171140664440406,66
0.6572488784790039,0.06574253604504582,0.005094766616821289,0.0021899251174095045,100,0.1,0.001,linear,"{'rf__estimator__C': 100, 'rf__estimator__epsilon': 0.1, 'rf__estimator__gamma': 0.001, 'rf__estimator__kernel': 'linear'}",-5.471493853933104,-6.334063459014962,-6.5258892481010635,-5.931951069249608,-6.003559591829115,-6.05339144442557,0.3627304063154462,37,0.9633961709901341,0.9536329737335604,0.9558719827864696,0.9603219265112614,0.9574034199556597,0.958125294795417,0.003417215052402484,34,-4.022473382107161,-4.7271583392055865,-5.026291742207931,-4.549582597309701,-4.493817040632884,-4.5638646202926525,0.3282434444432855,45
0.033042287826538085,0.005885553455600803,0.0034412384033203126,0.00013476379829962048,100,0.1,0.001,poly,"{'rf__estimator__C': 100, 'rf__estimator__epsilon': 0.1, 'rf__estimator__gamma': 0.001, 'rf__estimator__kernel': 'poly'}",-36.053262162663636,-38.629518076416346,-40.98044855119031,-39.07143748718504,-37.04345151187631,-38.35562355786633,1.702925571284545,130,-0.09909060566761059,-0.1229205832019421,-0.1479891675034314,-0.11674116867249484,-0.10645935985512948,-0.11864017698012168,0.016815762837582,129,-23.860808244557802,-25.593328593561825,-26.79279003116699,-26.048948052581526,-24.548110319595388,-25.368797048292702,1.0476958296739531,129
0.07077317237854004,0.016594191722800307,0.017334985733032226,0.004193723068223884,100,0.1,0.01,rbf,"{'rf__estimator__C': 100, 'rf__estimator__epsilon': 0.1, 'rf__estimator__gamma': 0.01, 'rf__estimator__kernel': 'rbf'}",-2.9814494468724098,-3.3415504949563015,-3.2277216793960593,-3.03100606606078,-3.211307826259741,-3.158607102709058,0.13318358406017552,13,0.987284507521637,0.9850423455119769,0.9878107044364114,0.9883759189325797,0.9859124808595067,0.9868851914524223,0.0012313036249884345,9,-2.213055921892755,-2.5485927033235902,-2.4829264682096133,-2.227897641896485,-2.389941777538301,-2.372482902572149,0.13404410856110804,10
0.6566247940063477,0.06841902946416252,0.006758546829223633,0.0044575150994516435,100,0.1,0.01,linear,"{'rf__estimator__C': 100, 'rf__estimator__epsilon': 0.1, 'rf__estimator__gamma': 0.01, 'rf__estimator__kernel': 'linear'}",-5.471493853933104,-6.334063459014962,-6.5258892481010635,-5.931951069249608,-6.003559591829115,-6.05339144442557,0.3627304063154462,37,0.9633961709901341,0.9536329737335604,0.9558719827864696,0.9603219265112614,0.9574034199556597,0.958125294795417,0.003417215052402484,34,-4.022473382107161,-4.7271583392055865,-5.026291742207931,-4.549582597309701,-4.493817040632884,-4.5638646202926525,0.3282434444432855,45
0.04397835731506348,0.0064155792623298595,0.004927682876586914,0.003209860696421882,100,0.1,0.01,poly,"{'rf__estimator__C': 100, 'rf__estimator__epsilon': 0.1, 'rf__estimator__gamma': 0.01, 'rf__estimator__kernel': 'poly'}",-26.640665272995875,-28.383371103292696,-26.997545918303548,-25.503379234526783,-26.054637076014046,-26.71591972102659,0.9770281292939533,106,0.23679840806828722,0.24125209954201068,0.29452512277418114,0.34885127901622726,0.3101257085776308,0.28631052359566744,0.04249164606404146,106,-19.330548608284897,-20.692810543709864,-20.386614628295522,-18.97686156921758,-19.089541277622793,-19.69527532542613,0.7055613628002643,105
0.2251366138458252,0.01150788531119701,0.014716482162475586,0.005230779217324689,100,0.1,0.1,rbf,"{'rf__estimator__C': 100, 'rf__estimator__epsilon': 0.1, 'rf__estimator__gamma': 0.1, 'rf__estimator__kernel': 'rbf'}",-1.0724953929154455,-1.2162815876497202,-1.145818984785333,-1.1633705104816034,-1.1566430294395196,-1.1509219010543243,0.04612232594270839,1,0.9981126980048263,0.9978409311639332,0.9975901708172517,0.9981549402252639,0.9981781915351015,0.9979753863492753,0.00022746130726269506,1,-0.8237143976069079,-0.9339054240649065,-0.9590320880879631,-0.8724519649180261,-0.8705922165512524,-0.8919392182458112,0.048482345837069195,1
0.7275685787200927,0.1629298424357256,0.00729060173034668,0.005689370416849615,100,0.1,0.1,linear,"{'rf__estimator__C': 100, 'rf__estimator__epsilon': 0.1, 'rf__estimator__gamma': 0.1, 'rf__estimator__kernel': 'linear'}",-5.471493853933104,-6.334063459014962,-6.5258892481010635,-5.931951069249608,-6.003559591829115,-6.05339144442557,0.3627304063154462,37,0.9633961709901341,0.9536329737335604,0.9558719827864696,0.9603219265112614,0.9574034199556597,0.958125294795417,0.003417215052402484,34,-4.022473382107161,-4.7271583392055865,-5.026291742207931,-4.549582597309701,-4.493817040632884,-4.5638646202926525,0.3282434444432855,45
2.7818603992462156,1.4811306801140636,0.006449317932128907,0.0023109196798702055,100,0.1,0.1,poly,"{'rf__estimator__C': 100, 'rf__estimator__epsilon': 0.1, 'rf__estimator__gamma': 0.1, 'rf__estimator__kernel': 'poly'}",-7.617276249499106,-7.534413482077426,-7.025628980802869,-6.8283638300990335,-7.776041086750577,-7.356344725845803,0.364438062674986,61,0.9225140525051626,0.9263822924659154,0.9327684186188953,0.9422942982850518,0.9195156790460978,0.9286949481842246,0.008115988101569015,66,-6.3318571754449895,-6.217866553223439,-5.930180194003224,-5.597681486387598,-6.448167520330845,-6.10515058587802,0.3065618728216386,67
0.5486750602722168,0.04026287670977985,0.012045812606811524,0.0027682319323009733,100,0.1,1,rbf,"{'rf__estimator__C': 100, 'rf__estimator__epsilon': 0.1, 'rf__estimator__gamma': 1, 'rf__estimator__kernel': 'rbf'}",-1.5488465155115043,-2.140506650229073,-1.8212808351264944,-2.3196313172205367,-1.3336775277541715,-1.8327885691683559,0.3637509115265251,5,0.9892942170143134,0.9781899675134919,0.9906680061252863,0.9852926948261223,0.9951224944818305,0.9877134759922089,0.005704015088760844,8,-2.274843124432769,-3.359520354640187,-2.1167125672633818,-3.0883459829356004,-1.6149663960419356,-2.4908776850627747,0.6427129230647546,14
0.6030792236328125,0.07311590356804283,0.0032416343688964843,0.0006649319111984043,100,0.1,1,linear,"{'rf__estimator__C': 100, 'rf__estimator__epsilon': 0.1, 'rf__estimator__gamma': 1, 'rf__estimator__kernel': 'linear'}",-5.471493853933104,-6.334063459014962,-6.5258892481010635,-5.931951069249608,-6.003559591829115,-6.05339144442557,0.3627304063154462,37,0.9633961709901341,0.9536329737335604,0.9558719827864696,0.9603219265112614,0.9574034199556597,0.958125294795417,0.003417215052402484,34,-4.022473382107161,-4.7271583392055865,-5.026291742207931,-4.549582597309701,-4.493817040632884,-4.5638646202926525,0.3282434444432855,45
2677.882204246521,534.9226009663411,0.011673784255981446,0.005689980697417661,100,0.1,1,poly,"{'rf__estimator__C': 100, 'rf__estimator__epsilon': 0.1, 'rf__estimator__gamma': 1, 'rf__estimator__kernel': 'poly'}",-3.768822196873262,-3.0851548219894034,-4.997336138360243,-4.154539613189099,-3.318450413493065,-3.864860636781014,0.67559504775025,18,0.9431098527503613,0.9711180885834868,0.9092838945130284,0.9099798449367865,0.974928268512217,0.941683989859176,0.028384856172111582,62,-4.493468914745148,-2.5398827873364,-4.411121009293441,-4.228881666561602,-2.4366714813813815,-3.622005171863594,0.9302103797253264,20
0.029470539093017577,0.004518380950804225,0.014519977569580077,0.007981527316204898,100,1,0.001,rbf,"{'rf__estimator__C': 100, 'rf__estimator__epsilon': 1, 'rf__estimator__gamma': 0.001, 'rf__estimator__kernel': 'rbf'}",-7.548226246346921,-8.339322467658942,-8.543000335485177,-8.126422523497087,-7.924291934535307,-8.096252701504687,0.34335989246677806,72,0.9403661361584715,0.9357725466580296,0.9372372445762428,0.9401614649228515,0.9389998731273638,0.938507453088592,0.0017621622085090417,63,-5.665286637668231,-6.171130428105599,-6.452798117238647,-6.174276270588952,-5.8324951269895395,-6.059197316118193,0.278299580709912,64
0.46622233390808104,0.05541651835643219,0.0041500568389892575,0.002922168273162486,100,1,0.001,linear,"{'rf__estimator__C': 100, 'rf__estimator__epsilon': 1, 'rf__estimator__gamma': 0.001, 'rf__estimator__kernel': 'linear'}",-5.511278597078286,-6.283828016702651,-6.481857771268508,-5.916040773039637,-5.999924961568958,-6.038586023931608,0.3320236785770789,25,0.9635020091986991,0.9550151291189058,0.9575751138628253,0.9611729795491768,0.958016860656226,0.9590564184771665,0.002961420981071885,26,-3.9726335248842095,-4.650263465575371,-4.92727730630292,-4.4880906542487375,-4.426642306265668,-4.492981451455381,0.31258192150926806,29
0.02481846809387207,0.0016512835221964167,0.004445552825927734,0.002309698430264561,100,1,0.001,poly,"{'rf__estimator__C': 100, 'rf__estimator__epsilon': 1, 'rf__estimator__gamma': 0.001, 'rf__estimator__kernel': 'poly'}",-36.02375295685194,-38.56778105124208,-40.96953810035448,-39.058684932015,-37.06995142719738,-38.33794169353217,1.700639022195403,128,-0.09555838728207781,-0.11968536201526603,-0.14879070762373567,-0.11659154011631064,-0.10918401645061641,-0.1179620026976013,0.017517032903354945,128,-23.868606486328723,-25.51575883375428,-26.76828225285436,-26.049885956839162,-24.592724277370753,-25.359051561429457,1.029215672336883,128
0.04192500114440918,0.005490003516021614,0.014102983474731445,0.007929777696736447,100,1,0.01,rbf,"{'rf__estimator__C': 100, 'rf__estimator__epsilon': 1, 'rf__estimator__gamma': 0.01, 'rf__estimator__kernel': 'rbf'}",-3.0811477693233518,-3.4140855588394943,-3.3151147592545263,-3.1223119841432334,-3.3345642125584134,-3.2534448568238035,0.12889614311010547,15,0.9868076110349636,0.9843361967186595,0.9875019386768141,0.9879738056616358,0.9849952269768428,0.9863229558137832,0.0014184690381811686,11,-2.235008383303249,-2.5095654676746144,-2.49552560161798,-2.261665526371733,-2.4073125487765408,-2.3818155055488233,0.11479415196153181,12
0.483107328414917,0.0483395309109146,0.006015300750732422,0.003091428143514611,100,1,0.01,linear,"{'rf__estimator__C': 100, 'rf__estimator__epsilon': 1, 'rf__estimator__gamma': 0.01, 'rf__estimator__kernel': 'linear'}",-5.511278597078286,-6.283828016702651,-6.481857771268508,-5.916040773039637,-5.999924961568958,-6.038586023931608,0.3320236785770789,25,0.9635020091986991,0.9550151291189058,0.9575751138628253,0.9611729795491768,0.958016860656226,0.9590564184771665,0.002961420981071885,26,-3.9726335248842095,-4.650263465575371,-4.92727730630292,-4.4880906542487375,-4.426642306265668,-4.492981451455381,0.31258192150926806,29
0.035787010192871095,0.0018568684300266053,0.0030868053436279297,6.249587224204222e-05,100,1,0.01,poly,"{'rf__estimator__C': 100, 'rf__estimator__epsilon': 1, 'rf__estimator__gamma': 0.01, 'rf__estimator__kernel': 'poly'}",-26.71460289840952,-28.44400395396184,-27.155159869749685,-25.60491489265986,-26.075643495247267,-26.798865022005636,0.9786822280568278,108,0.23273309791765684,0.2379513695911145,0.28872752034995747,0.3463816255969417,0.31022744858809853,0.2832042124087538,0.043237254636298114,108,-19.36832715471959,-20.738559431917675,-20.49372305387196,-19.01793703252447,-19.083053784729035,-19.740320091552544,0.7288776072008338,108
0.10685224533081054,0.05084186728348757,0.008925533294677735,0.004305352259467046,100,1,0.1,rbf,"{'rf__estimator__C': 100, 'rf__estimator__epsilon': 1, 'rf__estimator__gamma': 0.1, 'rf__estimator__kernel': 'rbf'}",-1.4036773079885076,-1.4651389703242854,-1.4787561129888105,-1.4914622221306906,-1.4839880418896267,-1.4646045310643845,0.03165354788755708,3,0.996864810227847,0.997096724462295,0.996556225289314,0.9967416173073794,0.996852627592264,0.9968224009758199,0.00017626177430437107,3,-0.9849155057744646,-1.0031482061607173,-1.0972335221826635,-1.0331742945283238,-1.0304512637270355,-1.0297845584746408,0.03816811409146648,3
0.497647762298584,0.033938271401078565,0.005150222778320312,0.0030631411210593584,100,1,0.1,linear,"{'rf__estimator__C': 100, 'rf__estimator__epsilon': 1, 'rf__estimator__gamma': 0.1, 'rf__estimator__kernel': 'linear'}",-5.511278597078286,-6.283828016702651,-6.481857771268508,-5.916040773039637,-5.999924961568958,-6.038586023931608,0.3320236785770789,25,0.9635020091986991,0.9550151291189058,0.9575751138628253,0.9611729795491768,0.958016860656226,0.9590564184771665,0.002961420981071885,26,-3.9726335248842095,-4.650263465575371,-4.92727730630292,-4.4880906542487375,-4.426642306265668,-4.492981451455381,0.31258192150926806,29
0.8685645580291748,0.29113109699466394,0.0036540985107421874,0.002589567921443904,100,1,0.1,poly,"{'rf__estimator__C': 100, 'rf__estimator__epsilon': 1, 'rf__estimator__gamma': 0.1, 'rf__estimator__kernel': 'poly'}",-7.828821445025116,-7.672692892210236,-7.104659147252969,-7.010608679743912,-7.870930587251991,-7.497542550296845,0.3664161397059297,66,0.9204239052028268,0.9248640216720343,0.9337359394315946,0.9412616488328936,0.9205304924492044,0.9281632015177108,0.008144498422292366,70,-6.387732347306303,-6.236463350055338,-5.8980394005419985,-5.609821028384863,-6.409396941558077,-6.1082906135693165,0.30914671391445936,71
0.0635312557220459,0.012514334207985492,0.01067819595336914,0.004498197414836925,100,1,1,rbf,"{'rf__estimator__C': 100, 'rf__estimator__epsilon': 1, 'rf__estimator__gamma': 1, 'rf__estimator__kernel': 'rbf'}",-2.380267646881576,-3.1387737094641865,-2.690237484708924,-3.253071855333802,-2.2883759092664997,-2.750145321130998,0.3892548151353598,11,0.9845934881212147,0.9706969212811565,0.9846005308717766,0.9784640657912119,0.9904213785432375,0.9817552769217194,0.006698828708759194,13,-2.606604506493707,-3.7832281851595617,-2.5100312077361453,-3.5341299954537964,-2.079003156245877,-2.902599410217817,0.6472049884744161,15
0.492275333404541,0.04587368716542469,0.0031633853912353517,0.0011709530917418324,100,1,1,linear,"{'rf__estimator__C': 100, 'rf__estimator__epsilon': 1, 'rf__estimator__gamma': 1, 'rf__estimator__kernel': 'linear'}",-5.511278597078286,-6.283828016702651,-6.481857771268508,-5.916040773039637,-5.999924961568958,-6.038586023931608,0.3320236785770789,25,0.9635020091986991,0.9550151291189058,0.9575751138628253,0.9611729795491768,0.958016860656226,0.9590564184771665,0.002961420981071885,26,-3.9726335248842095,-4.650263465575371,-4.92727730630292,-4.4880906542487375,-4.426642306265668,-4.492981451455381,0.31258192150926806,29
2151.748012685776,769.9092525389417,0.009011554718017577,0.00484990600427808,100,1,1,poly,"{'rf__estimator__C': 100, 'rf__estimator__epsilon': 1, 'rf__estimator__gamma': 1, 'rf__estimator__kernel': 'poly'}",-3.86345333636163,-3.139158063934023,-4.771308090743216,-4.898561342895,-3.3488639152265636,-4.0042689498320865,0.7191536093579085,23,0.8642320354723273,0.9746988230191279,0.9451763349709076,0.8634689727553133,0.9754996085708662,0.9246151549577084,0.05080421294783642,72,-5.136153042078414,-2.5582137483834515,-3.9661567021461908,-5.130795206011253,-2.460392732632392,-3.8503422862503407,1.1754010276011726,21
